index,timestamp,
0,1750091241.76838,
1,1750091241.83404,0.0656642913818359
2,1750091241.90043,0.0663843154907227
3,1750091241.96596,0.06553053855896
4,1750091242.03061,0.064655065536499
5,1750091242.09976,0.0691428184509277
6,1750091242.16394,0.0641839504241943
7,1750091242.23005,0.0661106109619141
8,1750091242.29646,0.0664124488830566
9,1750091242.36461,0.0681488513946533
10,1750091242.43423,0.0696201324462891
11,1750091242.50429,0.0700583457946777
12,1750091242.56753,0.0632407665252686
13,1750091242.63844,0.0709116458892822
14,1750091242.70391,0.0654652118682861
15,1750091242.76311,0.0592048168182373
16,1750091242.82851,0.0653975009918213
17,1750091242.89575,0.0672342777252197
18,1750091242.9624,0.0666544437408447
19,1750091243.02836,0.0659570693969727
20,1750091243.09417,0.0658082962036133
21,1750091243.16347,0.069300651550293
22,1750091243.22845,0.0649838447570801
23,1750091243.29413,0.0656843185424805
24,1750091243.36129,0.0671529769897461
25,1750091243.4263,0.0650126934051514
26,1750091243.49258,0.0662806034088135
27,1750091243.56551,0.0729336738586426
28,1750091243.62744,0.0619285106658936
29,1750091243.69278,0.0653383731842041
30,1750091243.75947,0.0666890144348145
31,1750091243.82468,0.0652134418487549
32,1750091243.89245,0.067765474319458
33,1750091243.96016,0.0677106380462647
34,1750091244.02564,0.0654799938201904
35,1750091244.09159,0.065948486328125
36,1750091244.15846,0.0668709278106689
37,1750091244.22562,0.0671594142913818
38,1750091244.30121,0.0755877494812012
39,1750091244.36528,0.0640759468078613
40,1750091244.4339,0.068619966506958
41,1750091244.50017,0.0662658214569092
42,1750091244.56416,0.0639925003051758
43,1750091244.63323,0.0690689086914063
44,1750091244.69996,0.0667343139648438
45,1750091244.76551,0.0655503273010254
46,1750091244.83273,0.0672187805175781
47,1750091244.89899,0.0662543773651123
48,1750091244.95699,0.058002233505249
49,1750091245.02234,0.0653460025787354
50,1750091245.08981,0.0674788951873779
51,1750091245.1629,0.0730862617492676
52,1750091245.22156,0.0586550235748291
53,1750091245.28782,0.0662634372711182
54,1750091245.35456,0.0667417049407959
55,1750091245.43021,0.0756461620330811
56,1750091245.49415,0.0639441013336182
57,1750091245.56435,0.0702018737792969
58,1750091245.62995,0.065598726272583
59,1750091245.69395,0.0639944076538086
60,1750091245.76206,0.0681135654449463
61,1750091245.82854,0.0664787292480469
62,1750091245.88867,0.0601296424865723
63,1750091245.95413,0.0654656887054443
64,1750091246.02236,0.0682268142700195
65,1750091246.086,0.0636360645294189
66,1750091246.15401,0.0680162906646729
67,1750091246.21813,0.0641193389892578
68,1750091246.28451,0.066375732421875
69,1750091246.35266,0.0681495666503906
70,1750091246.41752,0.064861536026001
71,1750091246.48406,0.0665392875671387
72,1750091246.55009,0.0660269260406494
73,1750091246.61656,0.0664756298065186
74,1750091246.68311,0.0665457248687744
75,1750091246.75089,0.0677862167358398
76,1750091246.81616,0.0652713775634766
77,1750091246.88278,0.0666112899780273
78,1750091246.95018,0.0674092769622803
79,1750091247.01558,0.0653998851776123
80,1750091247.08167,0.0660834312438965
81,1750091247.15497,0.0733058452606201
82,1750091247.22465,0.0696756839752197
83,1750091247.29106,0.06640625
84,1750091247.35345,0.0623953342437744
85,1750091247.41431,0.0608594417572022
86,1750091247.49047,0.0761609077453613
87,1750091247.55481,0.0643429756164551
88,1750091247.62285,0.0680363178253174
89,1750091247.68957,0.0667140483856201
90,1750091247.75443,0.0648694038391113
91,1750091247.82165,0.0672204494476318
92,1750091247.88886,0.0672075748443604
93,1750091247.95553,0.0666658878326416
94,1750091248.02171,0.0661835670471191
95,1750091248.08824,0.066523551940918
96,1750091248.14826,0.0600194931030273
97,1750091248.21173,0.063478946685791
98,1750091248.27949,0.0677525997161865
99,1750091248.34609,0.0666022300720215
100,1750091248.41262,0.0665264129638672
101,1750091248.47793,0.0653171539306641
102,1750091248.54552,0.0675868988037109
103,1750091248.61025,0.0647284984588623
104,1750091248.67864,0.0683960914611816
105,1750091248.75619,0.077547550201416
106,1750091248.82058,0.0643923282623291
107,1750091248.88393,0.0633416175842285
108,1750091248.95225,0.0683226585388184
109,1750091249.01869,0.0664381980895996
110,1750091249.08426,0.0655753612518311
111,1750091249.15278,0.0685184001922607
112,1750091249.21839,0.0656082630157471
113,1750091249.2773,0.0589079856872559
114,1750091249.34164,0.0643472671508789
115,1750091249.4084,0.066760778427124
116,1750091249.47439,0.0659904479980469
117,1750091249.54196,0.0675685405731201
118,1750091249.60896,0.066997766494751
119,1750091249.6742,0.0652413368225098
120,1750091249.74027,0.0660679340362549
121,1750091249.80586,0.0655851364135742
122,1750091249.8832,0.0773410797119141
123,1750091249.95003,0.0668294429779053
124,1750091250.01362,0.0635902881622314
125,1750091250.07523,0.0616157054901123
126,1750091250.1382,0.0629634857177734
127,1750091250.20521,0.0670170783996582
128,1750091250.2717,0.0664868354797363
129,1750091250.34913,0.0774295330047607
130,1750091250.40422,0.0550894737243652
131,1750091250.47149,0.0672745704650879
132,1750091250.53758,0.0660824775695801
133,1750091250.60441,0.0668308734893799
134,1750091250.67037,0.0659611225128174
135,1750091250.74598,0.0756151676177979
136,1750091250.81282,0.0668346881866455
137,1750091250.87999,0.0671765804290772
138,1750091250.94475,0.064755916595459
139,1750091251.01319,0.0684418678283691
140,1750091251.07904,0.0658514499664307
141,1750091251.14626,0.0672197341918945
142,1750091251.21175,0.0654916763305664
143,1750091251.27862,0.0668699741363525
144,1750091251.34421,0.0655853748321533
145,1750091251.41107,0.0668613910675049
146,1750091251.47823,0.0671553611755371
147,1750091251.53586,0.0576293468475342
148,1750091251.60309,0.0672304630279541
149,1750091251.67423,0.071138858795166
150,1750091251.74423,0.0700078010559082
151,1750091251.8096,0.0653653144836426
152,1750091251.87381,0.0642158985137939
153,1750091251.94476,0.0709455013275147
154,1750091252.00916,0.0643992424011231
155,1750091252.07354,0.0643808841705322
156,1750091252.14285,0.0693118572235107
157,1750091252.20429,0.0614407062530518
158,1750091252.26624,0.0619432926177979
159,1750091252.33532,0.0690865516662598
160,1750091252.40808,0.0727610588073731
161,1750091252.46574,0.0576560497283936
162,1750091252.54055,0.0748136043548584
163,1750091252.60673,0.066178560256958
164,1750091252.66525,0.0585167407989502
165,1750091252.73124,0.0659871101379395
166,1750091252.79694,0.0657036304473877
167,1750091252.93336,0.13641619682312
168,1750091252.99612,0.0627696514129639
169,1750091253.06348,0.067352294921875
170,1750091253.12931,0.0658349990844727
171,1750091253.19696,0.0676500797271729
172,1750091253.27207,0.0751051902770996
173,1750091253.3333,0.0612342357635498
174,1750091253.40343,0.0701253414154053
175,1750091253.46185,0.0584242343902588
176,1750091253.52914,0.0672914981842041
177,1750091253.59598,0.0668354034423828
178,1750091253.67086,0.0748858451843262
179,1750091253.72724,0.0563740730285645
180,1750091253.79442,0.0671854019165039
181,1750091253.86991,0.0754859447479248
182,1750091253.92709,0.0571801662445068
183,1750091253.99599,0.0688960552215576
184,1750091254.0696,0.0736153125762939
185,1750091254.13336,0.0637581348419189
186,1750091254.2042,0.0708417892456055
187,1750091254.26879,0.0645925998687744
188,1750091254.32554,0.0567474365234375
189,1750091254.40251,0.0769736766815186
190,1750091254.46863,0.0661108493804932
191,1750091254.52488,0.0562529563903809
192,1750091254.59253,0.0676553249359131
193,1750091254.6597,0.0671677589416504
194,1750091254.72492,0.065213680267334
195,1750091254.79202,0.0671098232269287
196,1750091254.85772,0.0656993389129639
197,1750091254.92372,0.0659952163696289
198,1750091254.9996,0.0758790969848633
199,1750091255.06337,0.0637693405151367
200,1750091255.13279,0.069425106048584
201,1750091255.20047,0.0676796436309814
202,1750091255.26429,0.0638184547424316
203,1750091255.33156,0.0672671794891357
204,1750091255.39841,0.0668473243713379
205,1750091255.46364,0.0652337074279785
206,1750091255.52674,0.0630974769592285
207,1750091255.58888,0.0621473789215088
208,1750091255.65526,0.0663735866546631
209,1750091255.72188,0.0666205883026123
210,1750091255.79379,0.0719099044799805
211,1750091255.85516,0.0613749027252197
212,1750091255.92038,0.0652117729187012
213,1750091255.99445,0.0740773677825928
214,1750091256.06384,0.0693888664245606
215,1750091256.12895,0.0651113986968994
216,1750091256.19458,0.0656306743621826
217,1750091256.26265,0.068063497543335
218,1750091256.32868,0.0660350322723389
219,1750091256.39444,0.0657539367675781
220,1750091256.46206,0.0676229000091553
221,1750091256.52311,0.0610520839691162
222,1750091256.58442,0.0613131523132324
223,1750091256.65136,0.0669324398040772
224,1750091256.71726,0.0659046173095703
225,1750091256.78635,0.0690922737121582
226,1750091256.85206,0.0657072067260742
227,1750091256.91736,0.0652949810028076
228,1750091256.9965,0.0791397094726563
229,1750091257.05081,0.0543174743652344
230,1750091257.11748,0.0666658878326416
231,1750091257.18582,0.0683424472808838
232,1750091257.24993,0.0641076564788818
233,1750091257.32319,0.073258638381958
234,1750091257.39161,0.0684208869934082
235,1750091257.45867,0.0670666694641113
236,1750091257.52338,0.0647015571594238
237,1750091257.59261,0.0692319869995117
238,1750091257.65621,0.0635976791381836
239,1750091257.7233,0.0670902729034424
240,1750091257.79057,0.0672769546508789
241,1750091257.85634,0.0657713413238525
242,1750091257.91447,0.0581257343292236
243,1750091257.98251,0.0680441856384277
244,1750091258.05388,0.0713686943054199
245,1750091258.1149,0.0610153675079346
246,1750091258.17991,0.0650079250335693
247,1750091258.24739,0.0674798488616943
248,1750091258.32214,0.0747585296630859
249,1750091258.39157,0.0694236755371094
250,1750091258.45504,0.0634756088256836
251,1750091258.52234,0.06730055809021
252,1750091258.58964,0.0672943592071533
253,1750091258.65329,0.0636515617370606
254,1750091258.72088,0.0675873756408691
255,1750091258.78969,0.0688076019287109
256,1750091258.84538,0.0556938648223877
257,1750091258.92101,0.0756328105926514
258,1750091258.98368,0.0626688003540039
259,1750091259.04506,0.0613806247711182
260,1750091259.11101,0.0659515857696533
261,1750091259.18093,0.0699126720428467
262,1750091259.24476,0.0638329982757568
263,1750091259.31045,0.065687894821167
264,1750091259.38355,0.0731017589569092
265,1750091259.45293,0.0693836212158203
266,1750091259.51916,0.0662267208099365
267,1750091259.58627,0.0671136379241943
268,1750091259.6547,0.068432092666626
269,1750091259.7186,0.063899040222168
270,1750091259.78338,0.0647804737091064
271,1750091259.84142,0.0580325126647949
272,1750091259.90843,0.067011833190918
273,1750091259.97671,0.0682828426361084
274,1750091260.04158,0.0648705959320068
275,1750091260.10828,0.0666987895965576
276,1750091260.17387,0.0655918121337891
277,1750091260.24058,0.0667068958282471
278,1750091260.31308,0.0725047588348389
279,1750091260.38308,0.0699923038482666
280,1750091260.4397,0.0566222667694092
281,1750091260.50583,0.0661349296569824
282,1750091260.57229,0.0664594173431397
283,1750091260.63827,0.06597900390625
284,1750091260.70467,0.066401481628418
285,1750091260.77245,0.0677745342254639
286,1750091260.83824,0.0657951831817627
287,1750091260.90427,0.0660278797149658
288,1750091260.97204,0.0677685737609863
289,1750091261.03708,0.0650370121002197
290,1750091261.10366,0.0665798187255859
291,1750091261.17558,0.0719270706176758
292,1750091261.23714,0.0615599155426025
293,1750091261.30286,0.0657126903533936
294,1750091261.36917,0.066309928894043
295,1750091261.43593,0.0667591094970703
296,1750091261.50228,0.066349983215332
297,1750091261.57003,0.0677566528320313
298,1750091261.63551,0.0654745101928711
299,1750091261.70245,0.0669431686401367
300,1750091261.76835,0.0659022331237793
301,1750091261.83463,0.066277027130127
302,1750091261.90127,0.0666420459747314
303,1750091261.969,0.0677275657653809
304,1750091262.03429,0.0652940273284912
305,1750091262.10069,0.066394567489624
306,1750091262.16753,0.0668411254882813
307,1750091262.23357,0.066037654876709
308,1750091262.30001,0.0664417743682861
309,1750091262.36792,0.0679171085357666
310,1750091262.43415,0.0662271976470947
311,1750091262.49957,0.0654196739196777
312,1750091262.56706,0.0674929618835449
313,1750091262.63386,0.0667965412139893
314,1750091262.6989,0.0650341510772705
315,1750091262.7665,0.0676083564758301
316,1750091262.83217,0.0656678676605225
317,1750091262.8983,0.0661299228668213
318,1750091262.96488,0.066580057144165
319,1750091263.03132,0.0664396286010742
320,1750091263.0978,0.0664823055267334
321,1750091263.16675,0.0689504146575928
322,1750091263.23117,0.0644209384918213
323,1750091263.29893,0.067753791809082
324,1750091263.36428,0.0653543472290039
325,1750091263.43107,0.0667877197265625
326,1750091263.49645,0.0653781890869141
327,1750091263.56697,0.0705184936523438
328,1750091263.62975,0.0627827644348145
329,1750091263.6968,0.067049503326416
330,1750091263.76299,0.0661864280700684
331,1750091263.82882,0.0658340454101563
332,1750091263.89569,0.0668690204620361
333,1750091263.96486,0.0691728591918945
334,1750091264.02873,0.063868522644043
335,1750091264.09508,0.0663490295410156
336,1750091264.16149,0.0664148330688477
337,1750091264.22797,0.0664718151092529
338,1750091264.29524,0.0672774314880371
339,1750091264.362,0.0667524337768555
340,1750091264.42755,0.0655570030212402
341,1750091264.49491,0.0673542022705078
342,1750091264.56085,0.0659389495849609
343,1750091264.62764,0.0667977333068848
344,1750091264.69363,0.0659890174865723
345,1750091264.76225,0.0686202049255371
346,1750091264.82651,0.0642609596252441
347,1750091264.89222,0.0657038688659668
348,1750091264.95934,0.0671241283416748
349,1750091265.02635,0.0670123100280762
350,1750091265.09204,0.0656888484954834
351,1750091265.15994,0.067899227142334
352,1750091265.22545,0.0655055046081543
353,1750091265.29101,0.0655579566955566
354,1750091265.35833,0.0673274993896484
355,1750091265.42414,0.0658073425292969
356,1750091265.49086,0.0667190551757813
357,1750091265.55819,0.0673344135284424
358,1750091265.62357,0.0653793811798096
359,1750091265.68976,0.0661892890930176
360,1750091265.7562,0.0664365291595459
361,1750091265.82374,0.0675404071807861
362,1750091265.88938,0.065643310546875
363,1750091265.95772,0.0683338642120361
364,1750091266.02256,0.0648453235626221
365,1750091266.0886,0.0660359859466553
366,1750091266.15522,0.0666239261627197
367,1750091266.2228,0.0675785541534424
368,1750091266.28815,0.0653462409973145
369,1750091266.35637,0.068220853805542
370,1750091266.42276,0.0663871765136719
371,1750091266.489,0.0662431716918945
372,1750091266.55449,0.0654966831207275
373,1750091266.62035,0.0658588409423828
374,1750091266.68688,0.0665245056152344
375,1750091266.75648,0.0696063041687012
376,1750091266.82041,0.0639233589172363
377,1750091266.88647,0.0660653114318848
378,1750091266.9539,0.0674309730529785
379,1750091267.0204,0.0664975643157959
380,1750091267.08586,0.0654563903808594
381,1750091267.15371,0.0678551197052002
382,1750091267.21914,0.0654239654541016
383,1750091267.28535,0.0662164688110352
384,1750091267.35183,0.0664746761322022
385,1750091267.41838,0.0665504932403564
386,1750091267.48457,0.0661871433258057
387,1750091267.55279,0.0682234764099121
388,1750091267.61929,0.0665018558502197
389,1750091267.68509,0.0657944679260254
390,1750091267.75046,0.0653758049011231
391,1750091267.81676,0.0662980079650879
392,1750091267.88399,0.0672304630279541
393,1750091267.95286,0.0688695907592773
394,1750091268.01682,0.0639638900756836
395,1750091268.08427,0.0674452781677246
396,1750091268.14912,0.0648541450500488
397,1750091268.21534,0.0662152767181397
398,1750091268.28199,0.0666530132293701
399,1750091268.35021,0.0682187080383301
400,1750091268.41686,0.0666520595550537
401,1750091268.48251,0.0656485557556152
402,1750091268.54884,0.0663247108459473
403,1750091268.61472,0.0658805370330811
404,1750091268.68125,0.0665302276611328
405,1750091268.74993,0.0686843395233154
406,1750091268.81478,0.0648472309112549
407,1750091268.88136,0.0665857791900635
408,1750091268.94752,0.0661540031433106
409,1750091269.01448,0.0669624805450439
410,1750091269.08036,0.0658788681030273
411,1750091269.14869,0.0683293342590332
412,1750091269.21386,0.0651743412017822
413,1750091269.28049,0.0666277408599854
414,1750091269.34728,0.0667853355407715
415,1750091269.41209,0.0648143291473389
416,1750091269.47866,0.066572904586792
417,1750091269.5476,0.0689408779144287
418,1750091269.61218,0.0645763874053955
419,1750091269.67948,0.0672996044158936
420,1750091269.74657,0.0670890808105469
421,1750091269.81291,0.0663433074951172
422,1750091269.87826,0.0653505325317383
423,1750091269.94758,0.0693182945251465
424,1750091270.01141,0.063826322555542
425,1750091270.07841,0.0669989585876465
426,1750091270.14576,0.0673494338989258
427,1750091270.21077,0.0650169849395752
428,1750091270.2765,0.0657234191894531
429,1750091270.34646,0.0699641704559326
430,1750091270.4103,0.0638420581817627
431,1750091270.47737,0.0670678615570068
432,1750091270.54367,0.0662963390350342
433,1750091270.60849,0.0648224353790283
434,1750091270.67525,0.066758394241333
435,1750091270.74412,0.0688765048980713
436,1750091270.80838,0.0642554759979248
437,1750091270.8756,0.0672242641448975
438,1750091270.94214,0.0665380954742432
439,1750091271.00835,0.0662097930908203
440,1750091271.07384,0.0654852390289307
441,1750091271.14331,0.0694758892059326
442,1750091271.20717,0.0638551712036133
443,1750091271.2746,0.0674312114715576
444,1750091271.34024,0.0656414031982422
445,1750091271.40611,0.0658719539642334
446,1750091271.47334,0.0672249794006348
447,1750091271.54019,0.0668497085571289
448,1750091271.6071,0.0669176578521729
449,1750091271.67192,0.0648164749145508
450,1750091271.7382,0.0662837028503418
451,1750091271.8046,0.0663948059082031
452,1750091271.87176,0.0671629905700684
453,1750091271.94066,0.0688934326171875
454,1750091272.00444,0.0637838840484619
455,1750091272.07179,0.067354679107666
456,1750091272.1365,0.0647048950195313
457,1750091272.26979,0.133295297622681
458,1750091272.33682,0.0670301914215088
459,1750091272.40751,0.0706870555877686
460,1750091272.46973,0.0622174739837647
461,1750091272.53685,0.067124605178833
462,1750091272.60369,0.0668389797210693
463,1750091272.6706,0.066906213760376
464,1750091272.73654,0.0659387111663818
465,1750091272.80491,0.0683712959289551
466,1750091272.86866,0.0637478828430176
467,1750091272.93485,0.0661897659301758
468,1750091273.00115,0.0663008689880371
469,1750091273.06774,0.0665957927703857
470,1750091273.13417,0.0664243698120117
471,1750091273.21222,0.0780553817749023
472,1750091273.2672,0.0549745559692383
473,1750091273.33442,0.0672228336334229
474,1750091273.40209,0.0676736831665039
475,1750091273.46684,0.0647485256195068
476,1750091273.53407,0.0672316551208496
477,1750091273.6012,0.0671291351318359
478,1750091273.66643,0.0652267932891846
479,1750091273.73246,0.0660314559936523
480,1750091273.79868,0.0662157535552979
481,1750091273.86512,0.0664455890655518
482,1750091273.93168,0.0665533542633057
483,1750091273.99935,0.0676698684692383
484,1750091274.0658,0.0664565563201904
485,1750091274.13091,0.0651085376739502
486,1750091274.19755,0.0666377544403076
487,1750091274.2638,0.0662519931793213
488,1750091274.33078,0.0669822692871094
489,1750091274.39801,0.0672259330749512
490,1750091274.46441,0.0664043426513672
491,1750091274.52999,0.0655715465545654
492,1750091274.59638,0.0663924217224121
493,1750091274.66356,0.0671868324279785
494,1750091274.72908,0.06551194190979
495,1750091274.79861,0.0695374011993408
496,1750091274.8627,0.0640811920166016
497,1750091274.92862,0.0659251213073731
498,1750091274.99509,0.0664651393890381
499,1750091275.06119,0.0661017894744873
500,1750091275.12826,0.0670762062072754
501,1750091275.19943,0.0711617469787598
502,1750091275.26144,0.0620114803314209
503,1750091275.32767,0.0662355422973633
504,1750091275.39417,0.0664932727813721
505,1750091275.46166,0.0674898624420166
506,1750091275.52658,0.0649266242980957
507,1750091275.59506,0.0684826374053955
508,1750091275.65981,0.0647447109222412
509,1750091275.7261,0.0662896633148193
510,1750091275.79371,0.067612886428833
511,1750091275.85965,0.06593918800354
512,1750091275.92665,0.0669996738433838
513,1750091275.99507,0.0684196949005127
514,1750091276.05896,0.0638887882232666
515,1750091276.12511,0.0661556720733643
516,1750091276.19259,0.0674779415130615
517,1750091276.26003,0.0674359798431397
518,1750091276.32408,0.0640494823455811
519,1750091276.39254,0.0684652328491211
520,1750091276.45732,0.0647811889648438
521,1750091276.52389,0.0665674209594727
522,1750091276.5905,0.0666062831878662
523,1750091276.65714,0.0666458606719971
524,1750091276.72423,0.0670866966247559
525,1750091276.79091,0.0666801929473877
526,1750091276.85611,0.0651986598968506
527,1750091276.92292,0.0668084621429443
528,1750091276.98956,0.0666413307189941
529,1750091277.05599,0.0664327144622803
530,1750091277.12198,0.0659911632537842
531,1750091277.18975,0.0677697658538818
532,1750091277.25517,0.0654196739196777
533,1750091277.32145,0.0662813186645508
534,1750091277.38775,0.0662989616394043
535,1750091277.45415,0.0663983821868897
536,1750091277.52079,0.0666420459747314
537,1750091277.5903,0.0695075988769531
538,1750091277.6539,0.0635991096496582
539,1750091277.72035,0.0664520263671875
540,1750091277.78729,0.0669331550598145
541,1750091277.85392,0.0666391849517822
542,1750091277.91984,0.0659158229827881
543,1750091277.98924,0.0694029331207275
544,1750091278.05452,0.0652804374694824
545,1750091278.11914,0.0646169185638428
546,1750091278.18668,0.0675375461578369
547,1750091278.25202,0.0653398036956787
548,1750091278.31836,0.066338062286377
549,1750091278.38594,0.0675811767578125
550,1750091278.4517,0.0657634735107422
551,1750091278.51791,0.066213846206665
552,1750091278.58437,0.0664560794830322
553,1750091278.65154,0.0671677589416504
554,1750091278.71696,0.0654251575469971
555,1750091278.78492,0.0679531097412109
556,1750091278.85142,0.0665011405944824
557,1750091278.91644,0.065018892288208
558,1750091278.9841,0.0676586627960205
559,1750091279.04923,0.0651314258575439
560,1750091279.11554,0.066309928894043
561,1750091279.18376,0.0682225227355957
562,1750091279.24895,0.0651891231536865
563,1750091279.315,0.0660500526428223
564,1750091279.38136,0.0663564205169678
565,1750091279.4481,0.0667414665222168
566,1750091279.51422,0.0661196708679199
567,1750091279.58284,0.0686216354370117
568,1750091279.64754,0.0646998882293701
569,1750091279.71381,0.0662741661071777
570,1750091279.78009,0.0662767887115479
571,1750091279.84695,0.0668623447418213
572,1750091279.91576,0.0688085556030273
573,1750091279.98231,0.0665543079376221
574,1750091280.04741,0.0650925636291504
575,1750091280.11572,0.0683178901672363
576,1750091280.18031,0.0645840167999268
577,1750091280.2471,0.0667872428894043
578,1750091280.31188,0.0647804737091064
579,1750091280.38297,0.0710890293121338
580,1750091280.44538,0.0624175071716309
581,1750091280.51138,0.0659935474395752
582,1750091280.57779,0.0664100646972656
583,1750091280.64449,0.0666992664337158
584,1750091280.71165,0.0671651363372803
585,1750091280.77835,0.0667030811309814
586,1750091280.84466,0.0663025379180908
587,1750091280.91043,0.0657713413238525
588,1750091280.978,0.067570686340332
589,1750091281.04467,0.0666699409484863
590,1750091281.10953,0.0648643970489502
591,1750091281.17723,0.0676989555358887
592,1750091281.24358,0.0663466453552246
593,1750091281.30882,0.065241813659668
594,1750091281.37567,0.0668497085571289
595,1750091281.44292,0.0672547817230225
596,1750091281.50828,0.0653555393218994
597,1750091281.57656,0.0682749748229981
598,1750091281.64134,0.064786434173584
599,1750091281.70762,0.066277027130127
600,1750091281.77409,0.0664725303649902
601,1750091281.84,0.0659103393554688
602,1750091281.90718,0.0671815872192383
603,1750091281.9746,0.0674166679382324
604,1750091282.03969,0.0650877952575684
605,1750091282.10607,0.066387414932251
606,1750091282.17288,0.066800594329834
607,1750091282.23962,0.0667421817779541
608,1750091282.3053,0.0656850337982178
609,1750091282.37341,0.068110466003418
610,1750091282.43925,0.0658318996429443
611,1750091282.505,0.0657567977905273
612,1750091282.57139,0.0663905143737793
613,1750091282.63805,0.0666584968566895
614,1750091282.70467,0.0666167736053467
615,1750091282.77311,0.0684466361999512
616,1750091282.83918,0.0660696029663086
617,1750091282.90416,0.0649750232696533
618,1750091282.97065,0.0664887428283691
619,1750091283.03662,0.0659768581390381
620,1750091283.10339,0.0667657852172852
621,1750091283.17126,0.0678660869598389
622,1750091283.23753,0.0662727355957031
623,1750091283.30284,0.065312385559082
624,1750091283.36901,0.0661661624908447
625,1750091283.43577,0.066758394241333
626,1750091283.50333,0.0675625801086426
627,1750091283.56971,0.0663840770721436
628,1750091283.63538,0.0656628608703613
629,1750091283.70157,0.0661957263946533
630,1750091283.76818,0.0666098594665527
631,1750091283.83437,0.0661840438842773
632,1750091283.90111,0.0667481422424316
633,1750091283.96939,0.0682785511016846
634,1750091284.03537,0.0659770965576172
635,1750091284.10047,0.0651013851165772
636,1750091284.16805,0.0675756931304932
637,1750091284.23387,0.0658197402954102
638,1750091284.29987,0.0660080909729004
639,1750091284.36843,0.0685606002807617
640,1750091284.43418,0.0657472610473633
641,1750091284.49913,0.0649495124816895
642,1750091284.56541,0.0662820339202881
643,1750091284.63236,0.066948413848877
644,1750091284.69829,0.0659282207489014
645,1750091284.76705,0.0687570571899414
646,1750091284.83142,0.0643730163574219
647,1750091284.89784,0.0664219856262207
648,1750091284.96405,0.0662119388580322
649,1750091285.03086,0.0668082237243652
650,1750091285.0972,0.0663387775421143
651,1750091285.16501,0.0678095817565918
652,1750091285.23041,0.0654034614562988
653,1750091285.29647,0.0660538673400879
654,1750091285.364,0.0675346851348877
655,1750091285.42986,0.0658571720123291
656,1750091285.49582,0.065962553024292
657,1750091285.56386,0.0680398941040039
658,1750091285.62886,0.0649955272674561
659,1750091285.69526,0.0664033889770508
660,1750091285.76277,0.0675137042999268
661,1750091285.82805,0.0652792453765869
662,1750091285.89453,0.0664722919464111
663,1750091285.96281,0.0682809352874756
664,1750091286.0274,0.0645937919616699
665,1750091286.09449,0.0670931339263916
666,1750091286.16207,0.0675737857818604
667,1750091286.2287,0.0666301250457764
668,1750091286.29496,0.0662581920623779
669,1750091286.36181,0.0668575763702393
670,1750091286.4268,0.0649814605712891
671,1750091286.49365,0.0668540000915527
672,1750091286.56034,0.0666878223419189
673,1750091286.62571,0.0653743743896484
674,1750091286.69333,0.0676202774047852
675,1750091286.75982,0.0664863586425781
676,1750091286.8254,0.0655777454376221
677,1750091286.89177,0.0663774013519287
678,1750091286.95933,0.067556619644165
679,1750091287.02662,0.0672895908355713
680,1750091287.0913,0.0646817684173584
681,1750091287.15885,0.0675508975982666
682,1750091287.22496,0.066103458404541
683,1750091287.29048,0.0655269622802734
684,1750091287.35691,0.0664308071136475
685,1750091287.4239,0.0669882297515869
686,1750091287.48982,0.0659189224243164
687,1750091287.55766,0.0678439140319824
688,1750091287.62414,0.0664751529693604
689,1750091287.6897,0.0655574798583984
690,1750091287.75571,0.0660152435302734
691,1750091287.82575,0.070040225982666
692,1750091287.88973,0.0639767646789551
693,1750091287.9561,0.0663752555847168
694,1750091288.02109,0.06498122215271
695,1750091288.08779,0.0667045116424561
696,1750091288.15402,0.0662338733673096
697,1750091288.2205,0.0664746761322022
698,1750091288.28767,0.0671727657318115
699,1750091288.35563,0.0679595470428467
700,1750091288.42037,0.0647377967834473
701,1750091288.4867,0.0663318634033203
702,1750091288.55301,0.0663139820098877
703,1750091288.61923,0.0662117004394531
704,1750091288.68573,0.0665044784545898
705,1750091288.75355,0.0678150653839111
706,1750091288.81886,0.0653131008148193
707,1750091288.88534,0.0664768218994141
708,1750091288.95296,0.067619800567627
709,1750091289.01803,0.0650765895843506
710,1750091289.08465,0.0666146278381348
711,1750091289.15254,0.0678951740264893
712,1750091289.21757,0.0650324821472168
713,1750091289.28651,0.0689356327056885
714,1750091289.3525,0.0659945011138916
715,1750091289.41729,0.0647878646850586
716,1750091289.4835,0.0662119388580322
717,1750091289.55191,0.0684099197387695
718,1750091289.61696,0.0650448799133301
719,1750091289.68345,0.0664939880371094
720,1750091289.75058,0.0671224594116211
721,1750091289.8165,0.065927267074585
722,1750091289.88227,0.0657651424407959
723,1750091289.95202,0.0697536468505859
724,1750091290.0154,0.0633769035339356
725,1750091290.08239,0.0669927597045898
726,1750091290.14824,0.0658471584320068
727,1750091290.21438,0.0661380290985107
728,1750091290.28097,0.0665905475616455
729,1750091290.34912,0.0681493282318115
730,1750091290.41508,0.0659627914428711
731,1750091290.48083,0.0657472610473633
732,1750091290.54698,0.0661580562591553
733,1750091290.61319,0.0662045478820801
734,1750091290.6798,0.0666089057922363
735,1750091290.74901,0.069216251373291
736,1750091290.81385,0.0648400783538818
737,1750091290.87893,0.0650711059570313
738,1750091290.94581,0.0668816566467285
739,1750091291.01188,0.066072940826416
740,1750091291.07832,0.0664393901824951
741,1750091291.14698,0.0686571598052979
742,1750091291.21259,0.0656130313873291
743,1750091291.27793,0.0653431415557861
744,1750091291.34508,0.0671470165252686
745,1750091291.41036,0.0652780532836914
746,1750091291.47701,0.066652774810791
747,1750091291.61171,0.13470196723938
748,1750091291.67866,0.0669479370117188
749,1750091291.74332,0.0646612644195557
750,1750091291.80907,0.0657498836517334
751,1750091291.87565,0.0665779113769531
752,1750091291.94336,0.0677073001861572
753,1750091292.00986,0.0665054321289063
754,1750091292.07533,0.0654647350311279
755,1750091292.14285,0.0675253868103027
756,1750091292.20895,0.066093921661377
757,1750091292.27428,0.0653374195098877
758,1750091292.34254,0.0682516098022461
759,1750091292.40863,0.0660901069641113
760,1750091292.47446,0.0658376216888428
761,1750091292.54025,0.0657885074615479
762,1750091292.60813,0.0678775310516357
763,1750091292.67426,0.0661299228668213
764,1750091292.73985,0.0655941963195801
765,1750091292.80738,0.0675222873687744
766,1750091292.87277,0.0653903484344482
767,1750091292.93909,0.066328763961792
768,1750091293.00552,0.0664298534393311
769,1750091293.07308,0.0675528049468994
770,1750091293.13857,0.0654940605163574
771,1750091293.20637,0.067793607711792
772,1750091293.27175,0.0653839111328125
773,1750091293.33801,0.0662624835968018
774,1750091293.4047,0.0666861534118652
775,1750091293.47066,0.0659580230712891
776,1750091293.53809,0.0674386024475098
777,1750091293.60496,0.0668666362762451
778,1750091293.67084,0.0658824443817139
779,1750091293.73697,0.0661218166351318
780,1750091293.80381,0.0668404102325439
781,1750091293.87005,0.0662407875061035
782,1750091293.93631,0.0662655830383301
783,1750091294.00501,0.0687003135681152
784,1750091294.0695,0.0644853115081787
785,1750091294.13685,0.0673563480377197
786,1750091294.20246,0.0656077861785889
787,1750091294.26889,0.0664324760437012
788,1750091294.33516,0.066265344619751
789,1750091294.40323,0.0680708885192871
790,1750091294.46808,0.0648524761199951
791,1750091294.536,0.0679199695587158
792,1750091294.60197,0.0659687519073486
793,1750091294.66925,0.0672800540924072
794,1750091294.73422,0.0649659633636475
795,1750091294.80164,0.0674197673797607
796,1750091294.86672,0.0650792121887207
797,1750091294.93412,0.0674026012420654
798,1750091294.9994,0.0652763843536377
799,1750091295.06634,0.0669419765472412
800,1750091295.13272,0.0663778781890869
801,1750091295.20165,0.0689318180084229
802,1750091295.26638,0.0647330284118652
803,1750091295.33355,0.0671722888946533
804,1750091295.39798,0.0644245147705078
805,1750091295.46459,0.0666160583496094
806,1750091295.53279,0.0682015419006348
807,1750091295.599,0.066204309463501
808,1750091295.66393,0.0649318695068359
809,1750091295.73032,0.0663843154907227
810,1750091295.79665,0.0663394927978516
811,1750091295.86463,0.0679714679718018
812,1750091295.92995,0.0653238296508789
813,1750091295.99778,0.0678336620330811
814,1750091296.06292,0.0651321411132813
815,1750091296.1309,0.067979097366333
816,1750091296.19625,0.065356969833374
817,1750091296.26343,0.0671780109405518
818,1750091296.32838,0.0649526119232178
819,1750091296.39619,0.0678117275238037
820,1750091296.46286,0.0666635036468506
821,1750091296.52814,0.0652868747711182
822,1750091296.59445,0.0663087368011475
823,1750091296.6606,0.066148042678833
824,1750091296.72708,0.0664815902709961
825,1750091296.79657,0.0694890022277832
826,1750091296.86246,0.0658838748931885
827,1750091296.92686,0.0644042491912842
828,1750091296.99297,0.0661094188690186
829,1750091297.06093,0.0679612159729004
830,1750091297.12744,0.0665042400360107
831,1750091297.19514,0.0677094459533691
832,1750091297.25974,0.0645997524261475
833,1750091297.32524,0.0654950141906738
834,1750091297.39173,0.0664918422698975
835,1750091297.45803,0.0662992000579834
836,1750091297.52476,0.0667333602905273
837,1750091297.59341,0.0686466693878174
838,1750091297.65774,0.0643260478973389
839,1750091297.72429,0.066551685333252
840,1750091297.79029,0.0660035610198975
841,1750091297.85709,0.0667941570281982
842,1750091297.92366,0.0665738582611084
843,1750091297.99134,0.0676755905151367
844,1750091298.05763,0.0662980079650879
845,1750091298.12291,0.0652797222137451
846,1750091298.18917,0.0662569999694824
847,1750091298.25888,0.0697119235992432
848,1750091298.32321,0.064323902130127
849,1750091298.39101,0.0678057670593262
850,1750091298.45563,0.0646188259124756
851,1750091298.52267,0.0670425891876221
852,1750091298.58785,0.0651748180389404
853,1750091298.65439,0.0665395259857178
854,1750091298.72075,0.0663642883300781
855,1750091298.78852,0.0677685737609863
856,1750091298.85407,0.0655455589294434
857,1750091298.92038,0.0663168430328369
858,1750091298.98657,0.0661840438842773
859,1750091299.05321,0.0666391849517822
860,1750091299.11993,0.0667257308959961
861,1750091299.18824,0.068310022354126
862,1750091299.2531,0.0648629665374756
863,1750091299.31943,0.0663247108459473
864,1750091299.38759,0.0681641101837158
865,1750091299.45339,0.0657949447631836
866,1750091299.51869,0.0653047561645508
867,1750091299.58636,0.0676660537719727
868,1750091299.65347,0.0671074390411377
869,1750091299.71828,0.0648176670074463
870,1750091299.78503,0.0667479038238525
871,1750091299.85267,0.0676357746124268
872,1750091299.91748,0.0648167133331299
873,1750091299.98548,0.0679943561553955
874,1750091300.05231,0.0668301582336426
875,1750091300.11689,0.0645856857299805
876,1750091300.18319,0.0662932395935059
877,1750091300.24977,0.0665824413299561
878,1750091300.31628,0.06650710105896
879,1750091300.384,0.0677218437194824
880,1750091300.45054,0.0665390491485596
881,1750091300.51674,0.0661978721618652
882,1750091300.5827,0.065960168838501
883,1750091300.64904,0.0663425922393799
884,1750091300.71499,0.0659546852111816
885,1750091300.78379,0.0687956809997559
886,1750091300.84811,0.0643198490142822
887,1750091300.91416,0.0660479068756104
888,1750091300.98195,0.0677895545959473
889,1750091301.04709,0.0651431083679199
890,1750091301.11321,0.0661203861236572
891,1750091301.18221,0.0689995288848877
892,1750091301.24748,0.065274715423584
893,1750091301.31289,0.06540846824646
894,1750091301.37898,0.0660836696624756
895,1750091301.44615,0.0671749114990234
896,1750091301.513,0.0668525695800781
897,1750091301.58,0.0669934749603272
898,1750091301.64577,0.06577467918396
899,1750091301.71164,0.0658638477325439
900,1750091301.77832,0.0666887760162354
901,1750091301.8454,0.0670723915100098
902,1750091301.91131,0.0659129619598389
903,1750091301.98037,0.0690624713897705
904,1750091302.04502,0.0646510124206543
905,1750091302.11097,0.0659463405609131
906,1750091302.17753,0.0665605068206787
907,1750091302.24415,0.0666236877441406
908,1750091302.31003,0.0658755302429199
909,1750091302.37744,0.0674095153808594
910,1750091302.44415,0.0667099952697754
911,1750091302.50994,0.0657885074615479
912,1750091302.57675,0.0668129920959473
913,1750091302.64417,0.0674192905426025
914,1750091302.7093,0.0651261806488037
915,1750091302.77784,0.0685439109802246
916,1750091302.84354,0.0657000541687012
917,1750091302.90815,0.0646131038665772
918,1750091302.97691,0.0687541961669922
919,1750091303.04272,0.0658087730407715
920,1750091303.10839,0.0656692981719971
921,1750091303.17494,0.0665500164031982
922,1750091303.24239,0.0674543380737305
923,1750091303.30673,0.0643370151519775
924,1750091303.37334,0.0666129589080811
925,1750091303.43949,0.0661542415618897
926,1750091303.5062,0.0667006969451904
927,1750091303.57569,0.0694949626922607
928,1750091303.63968,0.0639867782592773
929,1750091303.70568,0.0660026073455811
930,1750091303.77285,0.0671663284301758
931,1750091303.83838,0.0655355453491211
932,1750091303.90506,0.066683292388916
933,1750091303.98151,0.0764472484588623
934,1750091304.03807,0.0565569400787354
935,1750091304.10442,0.0663549900054932
936,1750091304.17062,0.066192626953125
937,1750091304.23697,0.0663523674011231
938,1750091304.30385,0.0668778419494629
939,1750091304.37192,0.0680747032165527
940,1750091304.43743,0.0655062198638916
941,1750091304.50344,0.0660159587860107
942,1750091304.56975,0.0663044452667236
943,1750091304.63615,0.0664072036743164
944,1750091304.70256,0.0664033889770508
945,1750091304.77186,0.0693042278289795
946,1750091304.83641,0.0645496845245361
947,1750091304.90338,0.0669703483581543
948,1750091304.96876,0.0653812885284424
949,1750091305.03517,0.0664031505584717
950,1750091305.1023,0.0671305656433106
951,1750091305.16949,0.0671908855438232
952,1750091305.23489,0.065403938293457
953,1750091305.30238,0.0674848556518555
954,1750091305.36742,0.0650391578674316
955,1750091305.43512,0.0677073001861572
956,1750091305.50018,0.0650572776794434
957,1750091305.56854,0.068359375
958,1750091305.6346,0.066058874130249
959,1750091305.70084,0.0662417411804199
960,1750091305.76582,0.0649807453155518
961,1750091305.83247,0.0666449069976807
962,1750091305.89934,0.0668709278106689
963,1750091305.96785,0.068514347076416
964,1750091306.03278,0.0649259090423584
965,1750091306.09838,0.0655994415283203
966,1750091306.16471,0.066335916519165
967,1750091306.23102,0.0663082599639893
968,1750091306.29763,0.0666134357452393
969,1750091306.36519,0.0675525665283203
970,1750091306.43088,0.0656943321228027
971,1750091306.49682,0.0659389495849609
972,1750091306.56304,0.0662162303924561
973,1750091306.62974,0.0667040348052979
974,1750091306.69625,0.0665104389190674
975,1750091306.76387,0.0676143169403076
976,1750091306.82944,0.0655760765075684
977,1750091306.89571,0.0662722587585449
978,1750091306.9623,0.0665855407714844
979,1750091307.02872,0.066422700881958
980,1750091307.09648,0.067760705947876
981,1750091307.16404,0.0675556659698486
982,1750091307.22853,0.0644907951354981
983,1750091307.29475,0.0662188529968262
984,1750091307.36247,0.0677192211151123
985,1750091307.42751,0.06504225730896
986,1750091307.49455,0.0670421123504639
987,1750091307.5636,0.0690460205078125
988,1750091307.62736,0.0637636184692383
989,1750091307.69444,0.0670826435089111
990,1750091307.76073,0.066288948059082
991,1750091307.82688,0.0661487579345703
992,1750091307.89359,0.0667095184326172
993,1750091307.96107,0.0674829483032227
994,1750091308.02666,0.0655899047851563
995,1750091308.09243,0.0657682418823242
996,1750091308.15947,0.0670328140258789
997,1750091308.22562,0.0661544799804688
998,1750091308.29297,0.0673465728759766
999,1750091308.36078,0.0678136348724365
1000,1750091308.42488,0.0640966892242432
1001,1750091308.49122,0.0663459300994873
1002,1750091308.55776,0.066540002822876
1003,1750091308.62463,0.0668625831604004
1004,1750091308.69141,0.066788911819458
1005,1750091308.75844,0.0670297145843506
1006,1750091308.82383,0.0653862953186035
1007,1750091308.89009,0.0662598609924316
1008,1750091308.95679,0.0667006969451904
1009,1750091309.02428,0.0674865245819092
1010,1750091309.08988,0.0656073093414307
1011,1750091309.15744,0.0675554275512695
1012,1750091309.22322,0.0657815933227539
1013,1750091309.28887,0.065648078918457
1014,1750091309.356,0.0671257972717285
1015,1750091309.42165,0.0656523704528809
1016,1750091309.48977,0.068120002746582
1017,1750091309.55654,0.0667695999145508
1018,1750091309.62163,0.0650901794433594
1019,1750091309.68721,0.0655806064605713
1020,1750091309.75385,0.0666463375091553
1021,1750091309.82018,0.0663275718688965
1022,1750091309.88674,0.0665626525878906
1023,1750091309.95517,0.0684208869934082
1024,1750091310.01992,0.0647494792938232
1025,1750091310.08624,0.0663223266601563
1026,1750091310.1533,0.0670590400695801
1027,1750091310.21898,0.0656859874725342
1028,1750091310.28579,0.0668103694915772
1029,1750091310.35406,0.0682694911956787
1030,1750091310.41886,0.0647952556610107
1031,1750091310.48498,0.0661246776580811
1032,1750091310.55216,0.0671796798706055
1033,1750091310.61889,0.0667314529418945
1034,1750091310.68431,0.0654199123382568
1035,1750091310.75205,0.0677371025085449
1036,1750091310.81682,0.0647664070129395
1037,1750091310.9523,0.135484218597412
1038,1750091311.01644,0.0641410350799561
1039,1750091311.08286,0.0664181709289551
1040,1750091311.14954,0.0666840076446533
1041,1750091311.21742,0.0678775310516357
1042,1750091311.28269,0.0652716159820557
1043,1750091311.34905,0.0663585662841797
1044,1750091311.41517,0.0661153793334961
1045,1750091311.48155,0.0663821697235107
1046,1750091311.54861,0.0670599937438965
1047,1750091311.61568,0.0670726299285889
1048,1750091311.68132,0.0656380653381348
1049,1750091311.74767,0.0663509368896484
1050,1750091311.81418,0.0665109157562256
1051,1750091311.88126,0.0670731067657471
1052,1750091311.94751,0.066251277923584
1053,1750091312.01536,0.0678491592407227
1054,1750091312.08222,0.066864013671875
1055,1750091312.14691,0.0646951198577881
1056,1750091312.21369,0.0667784214019775
1057,1750091312.27934,0.0656466484069824
1058,1750091312.34659,0.0672500133514404
1059,1750091312.41335,0.0667593479156494
1060,1750091312.47928,0.0659258365631104
1061,1750091312.54593,0.0666511058807373
1062,1750091312.61182,0.0658957958221436
1063,1750091312.67826,0.0664360523223877
1064,1750091312.74533,0.0670742988586426
1065,1750091312.81321,0.0678808689117432
1066,1750091312.87795,0.064732551574707
1067,1750091312.94475,0.0668027400970459
1068,1750091313.01189,0.0671453475952148
1069,1750091313.07778,0.0658853054046631
1070,1750091313.14462,0.0668447017669678
1071,1750091313.21168,0.0670599937438965
1072,1750091313.27863,0.0669450759887695
1073,1750091313.34384,0.0652117729187012
1074,1750091313.41083,0.0669932365417481
1075,1750091313.47686,0.0660254955291748
1076,1750091313.54325,0.0663940906524658
1077,1750091313.61017,0.0669119358062744
1078,1750091313.67691,0.0667438507080078
1079,1750091313.74365,0.0667374134063721
1080,1750091313.80829,0.0646433830261231
1081,1750091313.87535,0.067061185836792
1082,1750091313.94126,0.0659058094024658
1083,1750091314.0088,0.0675439834594727
1084,1750091314.07538,0.0665810108184814
1085,1750091314.14224,0.0668549537658691
1086,1750091314.20694,0.0647060871124268
1087,1750091314.27389,0.0669469833374023
1088,1750091314.33952,0.0656347274780273
1089,1750091314.40756,0.0680332183837891
1090,1750091314.47289,0.0653285980224609
1091,1750091314.53959,0.0667078495025635
1092,1750091314.60567,0.0660741329193115
1093,1750091314.67229,0.0666260719299316
1094,1750091314.73884,0.0665457248687744
1095,1750091314.80624,0.0673975944519043
1096,1750091314.87173,0.0654940605163574
1097,1750091314.93928,0.0675437450408936
1098,1750091315.00446,0.0651838779449463
1099,1750091315.07149,0.067028284072876
1100,1750091315.13772,0.0662357807159424
1101,1750091315.20513,0.0674037933349609
1102,1750091315.27184,0.0667154788970947
1103,1750091315.33688,0.0650374889373779
1104,1750091315.40475,0.0678653717041016
1105,1750091315.47011,0.0653607845306397
1106,1750091315.5361,0.0659947395324707
1107,1750091315.60456,0.0684583187103272
1108,1750091315.66936,0.0647990703582764
1109,1750091315.73575,0.066387414932251
1110,1750091315.80324,0.0674936771392822
1111,1750091315.8689,0.0656642913818359
1112,1750091315.93612,0.0672152042388916
1113,1750091316.00328,0.0671641826629639
1114,1750091316.06841,0.0651299953460693
1115,1750091316.13458,0.0661702156066895
1116,1750091316.20243,0.0678420066833496
1117,1750091316.26752,0.0650975704193115
1118,1750091316.33488,0.0673582553863525
1119,1750091316.40217,0.0672838687896729
1120,1750091316.46845,0.0662884712219238
1121,1750091316.53357,0.0651199817657471
1122,1750091316.60032,0.0667488574981689
1123,1750091316.66658,0.0662541389465332
1124,1750091316.73272,0.0661406517028809
1125,1750091316.80038,0.0676591396331787
1126,1750091316.86622,0.0658471584320068
1127,1750091316.93269,0.0664680004119873
1128,1750091317,0.0673072338104248
1129,1750091317.06559,0.0655908584594727
1130,1750091317.13293,0.0673384666442871
1131,1750091317.19951,0.0665764808654785
1132,1750091317.2652,0.065692663192749
1133,1750091317.3305,0.0653064250946045
1134,1750091317.39741,0.0669054985046387
1135,1750091317.46426,0.0668537616729736
1136,1750091317.53018,0.0659120082855225
1137,1750091317.59798,0.0678002834320068
1138,1750091317.6644,0.066420316696167
1139,1750091317.72957,0.0651733875274658
1140,1750091317.79611,0.0665361881256104
1141,1750091317.86231,0.0662028789520264
1142,1750091317.92904,0.0667321681976318
1143,1750091317.99743,0.0683925151824951
1144,1750091318.06218,0.0647470951080322
1145,1750091318.1285,0.0663230419158936
1146,1750091318.19616,0.0676538944244385
1147,1750091318.26193,0.0657682418823242
1148,1750091318.32793,0.0659997463226318
1149,1750091318.39576,0.0678322315216064
1150,1750091318.46239,0.0666358470916748
1151,1750091318.52736,0.0649693012237549
1152,1750091318.59384,0.0664737224578857
1153,1750091318.6603,0.0664646625518799
1154,1750091318.72687,0.0665714740753174
1155,1750091318.79422,0.0673460960388184
1156,1750091318.86124,0.0670199394226074
1157,1750091318.92617,0.0649361610412598
1158,1750091318.99263,0.0664587020874023
1159,1750091319.06087,0.0682408809661865
1160,1750091319.12542,0.0645465850830078
1161,1750091319.19393,0.0685060024261475
1162,1750091319.25999,0.0660617351531982
1163,1750091319.32479,0.0647983551025391
1164,1750091319.39237,0.0675811767578125
1165,1750091319.45795,0.0655806064605713
1166,1750091319.52422,0.0662717819213867
1167,1750091319.59264,0.0684218406677246
1168,1750091319.65714,0.0644943714141846
1169,1750091319.72361,0.0664684772491455
1170,1750091319.79159,0.067986011505127
1171,1750091319.85623,0.0646433830261231
1172,1750091319.9233,0.0670695304870606
1173,1750091319.99057,0.0672671794891357
1174,1750091320.05666,0.0660920143127441
1175,1750091320.12229,0.0656306743621826
1176,1750091320.18872,0.0664281845092773
1177,1750091320.25721,0.0684840679168701
1178,1750091320.32285,0.0656423568725586
1179,1750091320.38983,0.0669801235198975
1180,1750091320.45492,0.065096378326416
1181,1750091320.52178,0.0668554306030273
1182,1750091320.58788,0.0661032199859619
1183,1750091320.65418,0.0662984848022461
1184,1750091320.72198,0.0678019523620606
1185,1750091320.78841,0.066425085067749
1186,1750091320.85415,0.0657448768615723
1187,1750091320.92038,0.0662269592285156
1188,1750091320.98674,0.0663614273071289
1189,1750091321.05351,0.0667660236358643
1190,1750091321.11946,0.0659563541412354
1191,1750091321.18852,0.0690505504608154
1192,1750091321.25295,0.0644302368164063
1193,1750091321.31913,0.0661892890930176
1194,1750091321.38719,0.0680503845214844
1195,1750091321.45201,0.0648202896118164
1196,1750091321.51875,0.0667459964752197
1197,1750091321.58614,0.0673923492431641
1198,1750091321.65308,0.06693434715271
1199,1750091321.71906,0.0659778118133545
1200,1750091321.78422,0.0651681423187256
1201,1750091321.85164,0.0674185752868652
1202,1750091321.91769,0.0660443305969238
1203,1750091321.98491,0.0672276020050049
1204,1750091322.05189,0.066972017288208
1205,1750091322.11651,0.0646207332611084
1206,1750091322.18311,0.0666046142578125
1207,1750091322.25024,0.0671329498291016
1208,1750091322.31605,0.0658030509948731
1209,1750091322.38392,0.0678691864013672
1210,1750091322.45008,0.0661649703979492
1211,1750091322.51587,0.0657906532287598
1212,1750091322.58186,0.0659892559051514
1213,1750091322.64934,0.0674738883972168
1214,1750091322.71462,0.0652823448181152
1215,1750091322.78295,0.0683314800262451
1216,1750091322.84824,0.0652930736541748
1217,1750091322.91388,0.0656416416168213
1218,1750091322.98057,0.066683292388916
1219,1750091323.0471,0.0665314197540283
1220,1750091323.11326,0.0661587715148926
1221,1750091323.18149,0.0682315826416016
1222,1750091323.24822,0.06673264503479
1223,1750091323.313,0.0647780895233154
1224,1750091323.37919,0.0661890506744385
1225,1750091323.44624,0.0670475959777832
1226,1750091323.5125,0.0662643909454346
1227,1750091323.57992,0.0674188137054443
1228,1750091323.64784,0.0679233074188232
1229,1750091323.71192,0.0640795230865479
1230,1750091323.77831,0.0663828849792481
1231,1750091323.84519,0.0668807029724121
1232,1750091323.91502,0.0698373317718506
1233,1750091323.97865,0.0636239051818848
1234,1750091324.04511,0.066462516784668
1235,1750091324.11132,0.0662100315093994
1236,1750091324.17795,0.0666334629058838
1237,1750091324.24408,0.0661256313323975
1238,1750091324.31027,0.0661900043487549
1239,1750091324.37758,0.0673089027404785
1240,1750091324.4462,0.0686237812042236
1241,1750091324.50951,0.0633060932159424
1242,1750091324.57692,0.0674102306365967
1243,1750091324.64264,0.0657234191894531
1244,1750091324.70875,0.0661110877990723
1245,1750091324.77752,0.0687668323516846
1246,1750091324.84282,0.0652966499328613
1247,1750091324.90804,0.0652260780334473
1248,1750091324.97454,0.0664999485015869
1249,1750091325.04116,0.066615104675293
1250,1750091325.10738,0.0662240982055664
1251,1750091325.17599,0.0686070919036865
1252,1750091325.24268,0.0666882991790772
1253,1750091325.3072,0.0645246505737305
1254,1750091325.37499,0.0677919387817383
1255,1750091325.44095,0.0659513473510742
1256,1750091325.50647,0.0655267238616943
1257,1750091325.57489,0.0684175491333008
1258,1750091325.63981,0.064924955368042
1259,1750091325.70585,0.066032886505127
1260,1750091325.77216,0.0663166046142578
1261,1750091325.83853,0.0663671493530273
1262,1750091325.9051,0.0665669441223145
1263,1750091325.97379,0.0686910152435303
1264,1750091326.03823,0.0644423961639404
1265,1750091326.10478,0.0665438175201416
1266,1750091326.17207,0.0672905445098877
1267,1750091326.23779,0.0657196044921875
1268,1750091326.30437,0.066582202911377
1269,1750091326.37253,0.0681595802307129
1270,1750091326.43741,0.0648846626281738
1271,1750091326.50296,0.0655441284179688
1272,1750091326.57122,0.068267822265625
1273,1750091326.63586,0.0646321773529053
1274,1750091326.70234,0.0664839744567871
1275,1750091326.77003,0.0676908493041992
1276,1750091326.83613,0.0660951137542725
1277,1750091326.90198,0.0658578872680664
1278,1750091326.9682,0.0662178993225098
1279,1750091327.03463,0.0664272308349609
1280,1750091327.10111,0.0664839744567871
1281,1750091327.16905,0.0679388046264648
1282,1750091327.23443,0.0653784275054932
1283,1750091327.30055,0.0661227703094482
1284,1750091327.3671,0.0665431022644043
1285,1750091327.43361,0.0665128231048584
1286,1750091327.50004,0.0664339065551758
1287,1750091327.56981,0.0697703361511231
1288,1750091327.63344,0.0636312961578369
1289,1750091327.70038,0.0669355392456055
1290,1750091327.76644,0.0660560131072998
1291,1750091327.83246,0.0660226345062256
1292,1750091327.89891,0.0664482116699219
1293,1750091327.96722,0.0683157444000244
1294,1750091328.03227,0.0650455951690674
1295,1750091328.09835,0.0660865306854248
1296,1750091328.16472,0.0663647651672363
1297,1750091328.2314,0.0666818618774414
1298,1750091328.29803,0.0666322708129883
1299,1750091328.36608,0.0680515766143799
1300,1750091328.43239,0.0663025379180908
1301,1750091328.49703,0.0646381378173828
1302,1750091328.56393,0.066906213760376
1303,1750091328.6309,0.0669713020324707
1304,1750091328.69679,0.0658824443817139
1305,1750091328.76446,0.0676758289337158
1306,1750091328.83135,0.0668859481811523
1307,1750091328.89691,0.065561056137085
1308,1750091328.9638,0.0668916702270508
1309,1750091329.029,0.0652003288269043
1310,1750091329.09589,0.0668914318084717
1311,1750091329.16313,0.0672414302825928
1312,1750091329.22875,0.0656154155731201
1313,1750091329.29489,0.0661425590515137
1314,1750091329.36156,0.06667160987854
1315,1750091329.42772,0.0661602020263672
1316,1750091329.4943,0.0665724277496338
1317,1750091329.56273,0.0684373378753662
1318,1750091329.62741,0.0646743774414063
1319,1750091329.6936,0.0661931037902832
1320,1750091329.76138,0.067774772644043
1321,1750091329.82646,0.0650818347930908
1322,1750091329.89305,0.0665955543518066
1323,1750091329.96142,0.0683667659759522
1324,1750091330.02641,0.0649895668029785
1325,1750091330.09293,0.0665242671966553
1326,1750091330.15983,0.06689453125
1327,1750091330.2917,0.1318678855896
1328,1750091330.35866,0.0669615268707275
1329,1750091330.42596,0.0673024654388428
1330,1750091330.4917,0.0657403469085693
1331,1750091330.55837,0.0666725635528564
1332,1750091330.62428,0.0659122467041016
1333,1750091330.69237,0.0680859088897705
1334,1750091330.75728,0.0649051666259766
1335,1750091330.8259,0.0686213970184326
1336,1750091330.89086,0.0649664402008057
1337,1750091330.95772,0.0668540000915527
1338,1750091331.02312,0.0653989315032959
1339,1750091331.09106,0.0679397583007813
1340,1750091331.1582,0.0671441555023193
1341,1750091331.2247,0.066500186920166
1342,1750091331.28949,0.0647857189178467
1343,1750091331.35777,0.0682787895202637
1344,1750091331.42221,0.0644469261169434
1345,1750091331.48956,0.0673477649688721
1346,1750091331.55571,0.0661466121673584
1347,1750091331.62256,0.0668585300445557
1348,1750091331.68795,0.0653841495513916
1349,1750091331.75557,0.0676190853118897
1350,1750091331.82119,0.0656218528747559
1351,1750091331.88862,0.0674257278442383
1352,1750091331.95408,0.0654668807983398
1353,1750091332.02362,0.0695400238037109
1354,1750091332.08721,0.0635879039764404
1355,1750091332.15427,0.0670559406280518
1356,1750091332.22022,0.0659542083740234
1357,1750091332.28593,0.0657098293304443
1358,1750091332.35235,0.066417932510376
1359,1750091332.42212,0.0697674751281738
1360,1750091332.48539,0.0632750988006592
1361,1750091332.55165,0.0662615299224854
1362,1750091332.61773,0.0660727024078369
1363,1750091332.68501,0.0672872066497803
1364,1750091332.75087,0.0658562183380127
1365,1750091332.81857,0.067697286605835
1366,1750091332.8838,0.065232515335083
1367,1750091332.95036,0.0665583610534668
1368,1750091333.01648,0.0661232471466064
1369,1750091333.08299,0.0665135383605957
1370,1750091333.1498,0.0668020248413086
1371,1750091333.21713,0.0673389434814453
1372,1750091333.28258,0.0654489994049072
1373,1750091333.34922,0.0666408538818359
1374,1750091333.41532,0.0660970211029053
1375,1750091333.48174,0.0664145946502686
1376,1750091333.55008,0.0683407783508301
1377,1750091333.61688,0.0667994022369385
1378,1750091333.68169,0.0648176670074463
1379,1750091333.74796,0.0662636756896973
1380,1750091333.81594,0.0679869651794434
1381,1750091333.88221,0.066270112991333
1382,1750091333.94712,0.0649096965789795
1383,1750091334.01492,0.0677931308746338
1384,1750091334.08142,0.0665004253387451
1385,1750091334.15004,0.0686204433441162
1386,1750091334.2134,0.0633630752563477
1387,1750091334.27955,0.0661437511444092
1388,1750091334.34679,0.067241907119751
1389,1750091334.41488,0.0680942535400391
1390,1750091334.47912,0.0642373561859131
1391,1750091334.54723,0.0681107044219971
1392,1750091334.61302,0.0657947063446045
1393,1750091334.67856,0.0655362606048584
1394,1750091334.74694,0.0683794021606445
1395,1750091334.81432,0.0673787593841553
1396,1750091334.87835,0.0640292167663574
1397,1750091334.94491,0.0665583610534668
1398,1750091335.01107,0.0661642551422119
1399,1750091335.07754,0.0664691925048828
1400,1750091335.14441,0.0668742656707764
1401,1750091335.21265,0.0682370662689209
1402,1750091335.27679,0.0641398429870606
1403,1750091335.34378,0.0669863224029541
1404,1750091335.41039,0.0666124820709229
1405,1750091335.47736,0.0669686794281006
1406,1750091335.54337,0.0660130977630615
1407,1750091335.61025,0.0668742656707764
1408,1750091335.67576,0.0655121803283691
1409,1750091335.74206,0.0662975311279297
1410,1750091335.81005,0.0679993629455566
1411,1750091335.87611,0.0660567283630371
1412,1750091335.94331,0.0671944618225098
1413,1750091336.01037,0.067061185836792
1414,1750091336.07593,0.0655663013458252
1415,1750091336.14368,0.0677511692047119
1416,1750091336.20724,0.0635547637939453
1417,1750091336.27348,0.0662453174591064
1418,1750091336.34055,0.0670664310455322
1419,1750091336.41282,0.0722641944885254
1420,1750091336.47285,0.0600349903106689
1421,1750091336.54035,0.0675010681152344
1422,1750091336.60549,0.0651397705078125
1423,1750091336.67198,0.0664882659912109
1424,1750091336.73843,0.0664496421813965
1425,1750091336.80621,0.0677838325500488
1426,1750091336.87158,0.0653679370880127
1427,1750091336.9378,0.066215991973877
1428,1750091337.00419,0.0663974285125732
1429,1750091337.07062,0.0664288997650147
1430,1750091337.13707,0.0664441585540772
1431,1750091337.20514,0.0680723190307617
1432,1750091337.27084,0.0657024383544922
1433,1750091337.33659,0.0657527446746826
1434,1750091337.40399,0.0673961639404297
1435,1750091337.47029,0.0663039684295654
1436,1750091337.5363,0.0660085678100586
1437,1750091337.60491,0.0686042308807373
1438,1750091337.6699,0.064993143081665
1439,1750091337.73733,0.0674340724945068
1440,1750091337.80313,0.0657920837402344
1441,1750091337.86964,0.066509485244751
1442,1750091337.93805,0.0684092044830322
1443,1750091338.00443,0.0663864612579346
1444,1750091338.0693,0.0648674964904785
1445,1750091338.13443,0.0651271343231201
1446,1750091338.20311,0.0686872005462647
1447,1750091338.26765,0.0645337104797363
1448,1750091338.33514,0.0674881935119629
1449,1750091338.40182,0.0666844844818115
1450,1750091338.46734,0.0655190944671631
1451,1750091338.53298,0.0656363964080811
1452,1750091338.59986,0.0668838024139404
1453,1750091338.66692,0.0670599937438965
1454,1750091338.73238,0.0654618740081787
1455,1750091338.80045,0.0680663585662842
1456,1750091338.86556,0.0651109218597412
1457,1750091338.93164,0.066082239151001
1458,1750091338.99781,0.0661690235137939
1459,1750091339.06406,0.0662477016448975
1460,1750091339.13072,0.0666575431823731
1461,1750091339.19966,0.0689454078674316
1462,1750091339.26416,0.0644969940185547
1463,1750091339.33136,0.0672028064727783
1464,1750091339.39718,0.065821647644043
1465,1750091339.46432,0.0671367645263672
1466,1750091339.53027,0.0659480094909668
1467,1750091339.59716,0.0668957233428955
1468,1750091339.66267,0.0655097961425781
1469,1750091339.73028,0.0676069259643555
1470,1750091339.79549,0.0652127265930176
1471,1750091339.86289,0.0673942565917969
1472,1750091339.92818,0.0652964115142822
1473,1750091339.99601,0.0678262710571289
1474,1750091340.06157,0.0655615329742432
1475,1750091340.12769,0.0661220550537109
1476,1750091340.19862,0.0709264278411865
1477,1750091340.26047,0.0618507862091064
1478,1750091340.32714,0.0666742324829102
1479,1750091340.39614,0.0689961910247803
1480,1750091340.46127,0.0651314258575439
1481,1750091340.52852,0.0672495365142822
1482,1750091340.59283,0.0643045902252197
1483,1750091340.66052,0.0676989555358887
1484,1750091340.72723,0.0667097568511963
1485,1750091340.79511,0.06787109375
1486,1750091340.85882,0.063713550567627
1487,1750091340.92506,0.0662410259246826
1488,1750091340.9918,0.0667355060577393
1489,1750091341.0598,0.0680091381072998
1490,1750091341.12463,0.0648267269134522
1491,1750091341.19208,0.0674450397491455
1492,1750091341.2578,0.0657272338867188
1493,1750091341.32401,0.0662088394165039
1494,1750091341.39038,0.06636643409729
1495,1750091341.45691,0.0665295124053955
1496,1750091341.52376,0.0668556690216064
1497,1750091341.59219,0.0684211254119873
1498,1750091341.65666,0.0644774436950684
1499,1750091341.72409,0.067432165145874
1500,1750091341.79012,0.0660264492034912
1501,1750091341.8567,0.0665755271911621
1502,1750091341.92193,0.0652339458465576
1503,1750091341.99016,0.0682318210601807
1504,1750091342.05514,0.0649764537811279
1505,1750091342.12146,0.0663249492645264
1506,1750091342.1878,0.0663352012634277
1507,1750091342.25708,0.0692830085754395
1508,1750091342.32071,0.0636298656463623
1509,1750091342.38896,0.0682504177093506
1510,1750091342.45609,0.0671298503875732
1511,1750091342.52306,0.0669636726379395
1512,1750091342.587,0.0639412403106689
1513,1750091342.6531,0.0661048889160156
1514,1750091342.72026,0.0671601295471191
1515,1750091342.78849,0.0682227611541748
1516,1750091342.85349,0.0650062561035156
1517,1750091342.91906,0.0655636787414551
1518,1750091342.98604,0.0669872760772705
1519,1750091343.05293,0.0668861865997314
1520,1750091343.11833,0.0654025077819824
1521,1750091343.18599,0.067655086517334
1522,1750091343.25147,0.0654830932617188
1523,1750091343.31815,0.0666816234588623
1524,1750091343.3847,0.0665535926818848
1525,1750091343.45288,0.068178653717041
1526,1750091343.5181,0.0652191638946533
1527,1750091343.58537,0.0672643184661865
1528,1750091343.65253,0.0671629905700684
1529,1750091343.71662,0.0640909671783447
1530,1750091343.7829,0.0662779808044434
1531,1750091343.85061,0.067713737487793
1532,1750091343.91688,0.0662717819213867
1533,1750091343.98654,0.0696580410003662
1534,1750091344.04984,0.0632953643798828
1535,1750091344.1152,0.0653600692749023
1536,1750091344.18175,0.0665500164031982
1537,1750091344.249,0.0672509670257568
1538,1750091344.31461,0.0656073093414307
1539,1750091344.38241,0.0678071975708008
1540,1750091344.44788,0.0654628276824951
1541,1750091344.51407,0.0661890506744385
1542,1750091344.58047,0.0664021968841553
1543,1750091344.64669,0.0662217140197754
1544,1750091344.71309,0.0664021968841553
1545,1750091344.78099,0.0678949356079102
1546,1750091344.84643,0.0654458999633789
1547,1750091344.9124,0.0659661293029785
1548,1750091344.97883,0.0664365291595459
1549,1750091345.04585,0.0670173168182373
1550,1750091345.11205,0.0661966800689697
1551,1750091345.1794,0.067354679107666
1552,1750091345.24566,0.0662617683410645
1553,1750091345.31134,0.0656793117523193
1554,1750091345.37773,0.0663857460021973
1555,1750091345.44448,0.0667517185211182
1556,1750091345.51075,0.0662658214569092
1557,1750091345.58376,0.073012113571167
1558,1750091345.64783,0.0640733242034912
1559,1750091345.71173,0.0638935565948486
1560,1750091345.77739,0.0656628608703613
1561,1750091345.84414,0.0667476654052734
1562,1750091345.9099,0.0657608509063721
1563,1750091345.97749,0.0675947666168213
1564,1750091346.0437,0.0662117004394531
1565,1750091346.10932,0.0656118392944336
1566,1750091346.17598,0.066666841506958
1567,1750091346.24297,0.0669846534729004
1568,1750091346.30994,0.0669684410095215
1569,1750091346.37701,0.0670688152313232
1570,1750091346.44229,0.0652885437011719
1571,1750091346.50866,0.0663626194000244
1572,1750091346.5743,0.0656440258026123
1573,1750091346.64113,0.0668282508850098
1574,1750091346.7077,0.0665762424468994
1575,1750091346.77503,0.0673301219940186
1576,1750091346.84041,0.0653767585754395
1577,1750091346.90697,0.0665602684020996
1578,1750091346.97367,0.066694974899292
1579,1750091347.0397,0.0660295486450195
1580,1750091347.1061,0.0664055347442627
1581,1750091347.1737,0.0675957202911377
1582,1750091347.23899,0.0652921199798584
1583,1750091347.3053,0.0663118362426758
1584,1750091347.37156,0.0662567615509033
1585,1750091347.43816,0.0666038990020752
1586,1750091347.50478,0.0666217803955078
1587,1750091347.57232,0.0675404071807861
1588,1750091347.63787,0.0655417442321777
1589,1750091347.70435,0.0664875507354736
1590,1750091347.77105,0.0666952133178711
1591,1750091347.8373,0.0662486553192139
1592,1750091347.90387,0.0665690898895264
1593,1750091347.97148,0.0676114559173584
1594,1750091348.03746,0.065981388092041
1595,1750091348.10368,0.0662214756011963
1596,1750091348.1706,0.0669217109680176
1597,1750091348.23767,0.0670638084411621
1598,1750091348.30395,0.0662832260131836
1599,1750091348.37148,0.0675263404846191
1600,1750091348.43592,0.0644469261169434
1601,1750091348.50257,0.0666470527648926
1602,1750091348.56969,0.0671203136444092
1603,1750091348.63505,0.0653610229492188
1604,1750091348.70175,0.0666987895965576
1605,1750091348.77054,0.0687863826751709
1606,1750091348.83507,0.0645334720611572
1607,1750091348.90106,0.0659909248352051
1608,1750091348.96796,0.0668988227844238
1609,1750091349.03394,0.0659782886505127
1610,1750091349.10032,0.06638503074646
1611,1750091349.16885,0.0685303211212158
1612,1750091349.23487,0.066021203994751
1613,1750091349.30086,0.0659866333007813
1614,1750091349.36649,0.0656261444091797
1615,1750091349.4329,0.0664119720458984
1616,1750091349.50067,0.0677709579467773
1617,1750091349.63336,0.1326904296875
1618,1750091349.70034,0.0669760704040527
1619,1750091349.76505,0.0647170543670654
1620,1750091349.83146,0.0664079189300537
1621,1750091349.8976,0.0661354064941406
1622,1750091349.96418,0.066580057144165
1623,1750091350.03169,0.067514181137085
1624,1750091350.09769,0.0660028457641602
1625,1750091350.16408,0.0663826465606689
1626,1750091350.22992,0.0658447742462158
1627,1750091350.29671,0.0667855739593506
1628,1750091350.36304,0.066333532333374
1629,1750091350.43111,0.0680725574493408
1630,1750091350.49793,0.066817045211792
1631,1750091350.56283,0.0649032592773438
1632,1750091350.62982,0.0669848918914795
1633,1750091350.69522,0.0654058456420898
1634,1750091350.7618,0.0665788650512695
1635,1750091350.82997,0.0681643486022949
1636,1750091350.89499,0.0650253295898438
1637,1750091350.9612,0.0662033557891846
1638,1750091351.02773,0.0665352344512939
1639,1750091351.09397,0.0662415027618408
1640,1750091351.16106,0.0670831203460693
1641,1750091351.22824,0.0671799182891846
1642,1750091351.29387,0.065629243850708
1643,1750091351.36014,0.0662755966186523
1644,1750091351.42656,0.066422700881958
1645,1750091351.49309,0.0665295124053955
1646,1750091351.56066,0.0675690174102783
1647,1750091351.62701,0.0663456916809082
1648,1750091351.69257,0.0655572414398193
1649,1750091351.75954,0.0669698715209961
1650,1750091351.8264,0.0668604373931885
1651,1750091351.89197,0.0655722618103027
1652,1750091351.95892,0.0669496059417725
1653,1750091352.02576,0.0668418407440186
1654,1750091352.09165,0.0658867359161377
1655,1750091352.15801,0.0663633346557617
1656,1750091352.22435,0.0663392543792725
1657,1750091352.29078,0.0664277076721191
1658,1750091352.35751,0.0667343139648438
1659,1750091352.42499,0.0674779415130615
1660,1750091352.49153,0.0665431022644043
1661,1750091352.55741,0.0658743381500244
1662,1750091352.62305,0.0656461715698242
1663,1750091352.68953,0.0664784908294678
1664,1750091352.75564,0.0661134719848633
1665,1750091352.8236,0.0679552555084229
1666,1750091352.89014,0.0665385723114014
1667,1750091352.9557,0.0655617713928223
1668,1750091353.02135,0.0656530857086182
1669,1750091353.0884,0.0670502185821533
1670,1750091353.1546,0.0662004947662354
1671,1750091353.22236,0.0677547454833984
1672,1750091353.28808,0.0657188892364502
1673,1750091353.35463,0.0665574073791504
1674,1750091353.42057,0.0659363269805908
1675,1750091353.48906,0.0684924125671387
1676,1750091353.55309,0.0640249252319336
1677,1750091353.62186,0.068772554397583
1678,1750091353.68704,0.0651803016662598
1679,1750091353.75822,0.0711822509765625
1680,1750091353.82026,0.0620386600494385
1681,1750091353.88614,0.0658764839172363
1682,1750091353.95226,0.0661180019378662
1683,1750091354.02013,0.0678744316101074
1684,1750091354.09554,0.0754058361053467
1685,1750091354.15858,0.063044548034668
1686,1750091354.22742,0.0688354969024658
1687,1750091354.29411,0.0666890144348145
1688,1750091354.35875,0.0646426677703857
1689,1750091354.42838,0.0696308612823486
1690,1750091354.49379,0.0654129981994629
1691,1750091354.55092,0.0571320056915283
1692,1750091354.61679,0.0658698081970215
1693,1750091354.68362,0.0668225288391113
1694,1750091354.75831,0.0746903419494629
1695,1750091354.82734,0.0690350532531738
1696,1750091354.89273,0.0653905868530273
1697,1750091354.95923,0.0664942264556885
1698,1750091355.01711,0.0578784942626953
1699,1750091355.08258,0.0654759407043457
1700,1750091355.15029,0.067706823348999
1701,1750091355.21658,0.0662891864776611
1702,1750091355.28184,0.0652649402618408
1703,1750091355.34876,0.0669147968292236
1704,1750091355.4164,0.067638635635376
1705,1750091355.48111,0.0647134780883789
1706,1750091355.54809,0.0669841766357422
1707,1750091355.61943,0.0713322162628174
1708,1750091355.68105,0.0616219043731689
1709,1750091355.747,0.0659489631652832
1710,1750091355.81772,0.0707192420959473
1711,1750091355.8892,0.0714845657348633
1712,1750091355.95731,0.0681061744689941
1713,1750091356.01424,0.0569334030151367
1714,1750091356.0803,0.0660645961761475
1715,1750091356.14672,0.0664153099060059
1716,1750091356.21273,0.0660076141357422
1717,1750091356.27884,0.0661153793334961
1718,1750091356.34734,0.0684938430786133
1719,1750091356.41565,0.0683135986328125
1720,1750091356.47986,0.0642142295837402
1721,1750091356.54563,0.0657622814178467
1722,1750091356.61237,0.0667421817779541
1723,1750091356.6869,0.0745279788970947
1724,1750091356.75437,0.0674760341644287
1725,1750091356.8217,0.0673243999481201
1726,1750091356.88625,0.0645489692687988
1727,1750091356.94832,0.0620734691619873
1728,1750091357.01808,0.0697579383850098
1729,1750091357.08549,0.0674173831939697
1730,1750091357.15265,0.0671546459197998
1731,1750091357.21169,0.05904221534729
1732,1750091357.27673,0.0650334358215332
1733,1750091357.34329,0.0665621757507324
1734,1750091357.41001,0.0667252540588379
1735,1750091357.47529,0.0652811527252197
1736,1750091357.55137,0.0760750770568848
1737,1750091357.61875,0.0673794746398926
1738,1750091357.68461,0.0658621788024902
1739,1750091357.74924,0.0646300315856934
1740,1750091357.8169,0.0676593780517578
1741,1750091357.87879,0.0618934631347656
1742,1750091357.93988,0.0610837936401367
1743,1750091358.0075,0.067626953125
1744,1750091358.07423,0.0667266845703125
1745,1750091358.14041,0.0661771297454834
1746,1750091358.21567,0.0752623081207275
1747,1750091358.28184,0.0661656856536865
1748,1750091358.33857,0.0567364692687988
1749,1750091358.40711,0.0685338973999023
1750,1750091358.47217,0.0650665760040283
1751,1750091358.53873,0.066556453704834
1752,1750091358.60544,0.0667057037353516
1753,1750091358.67118,0.0657417774200439
1754,1750091358.73947,0.0682921409606934
1755,1750091358.80563,0.0661640167236328
1756,1750091358.87103,0.065394401550293
1757,1750091358.93811,0.0670838356018066
1758,1750091359.00348,0.0653672218322754
1759,1750091359.07773,0.0742547512054443
1760,1750091359.14741,0.0696766376495361
1761,1750091359.21371,0.0663011074066162
1762,1750091359.27799,0.0642802715301514
1763,1750091359.34655,0.0685572624206543
1764,1750091359.40786,0.061314582824707
1765,1750091359.46859,0.060722827911377
1766,1750091359.53632,0.0677309036254883
1767,1750091359.60342,0.0671062469482422
1768,1750091359.66951,0.0660881996154785
1769,1750091359.73525,0.0657370090484619
1770,1750091359.80149,0.0662426948547363
1771,1750091359.87725,0.0757608413696289
1772,1750091359.94743,0.0701761245727539
1773,1750091360.00936,0.0619306564331055
1774,1750091360.07713,0.0677707195281982
1775,1750091360.13869,0.0615606307983398
1776,1750091360.20849,0.069796085357666
1777,1750091360.27627,0.067779541015625
1778,1750091360.334,0.0577380657196045
1779,1750091360.40164,0.067631721496582
1780,1750091360.46701,0.0653786659240723
1781,1750091360.53254,0.0655267238616943
1782,1750091360.6001,0.0675582885742188
1783,1750091360.66637,0.066267728805542
1784,1750091360.73212,0.0657565593719482
1785,1750091360.80046,0.0683403015136719
1786,1750091360.86501,0.0645506381988525
1787,1750091360.93838,0.0733640193939209
1788,1750091361.00722,0.0688400268554688
1789,1750091361.07418,0.0669651031494141
1790,1750091361.13219,0.0580110549926758
1791,1750091361.20885,0.0766525268554688
1792,1750091361.27339,0.0645403861999512
1793,1750091361.33779,0.0644063949584961
1794,1750091361.40578,0.0679869651794434
1795,1750091361.4686,0.062816858291626
1796,1750091361.53827,0.0696747303009033
1797,1750091361.60715,0.0688743591308594
1798,1750091361.67353,0.0663809776306152
1799,1750091361.73019,0.0566616058349609
1800,1750091361.79602,0.0658259391784668
1801,1750091361.86174,0.0657284259796143
1802,1750091361.92914,0.0674011707305908
1803,1750091361.99642,0.067277193069458
1804,1750091362.06147,0.0650444030761719
1805,1750091362.13757,0.0761027336120606
1806,1750091362.19754,0.0599696636199951
1807,1750091362.26765,0.0701138973236084
1808,1750091362.33725,0.0695962905883789
1809,1750091362.40396,0.0667068958282471
1810,1750091362.46824,0.064281702041626
1811,1750091362.53714,0.0689024925231934
1812,1750091362.60397,0.0668344497680664
1813,1750091362.68101,0.0770337581634522
1814,1750091362.73665,0.0556433200836182
1815,1750091362.79328,0.0566248893737793
1816,1750091362.85886,0.0655806064605713
1817,1750091362.92556,0.0666990280151367
1818,1750091362.99254,0.0669801235198975
1819,1750091363.05894,0.0664079189300537
1820,1750091363.13482,0.0758736133575439
1821,1750091363.1927,0.0578844547271729
1822,1750091363.25991,0.0672051906585693
1823,1750091363.33518,0.0752758979797363
1824,1750091363.39936,0.0641810894012451
1825,1750091363.46663,0.0672702789306641
1826,1750091363.53363,0.0669937133789063
1827,1750091363.59988,0.0662555694580078
1828,1750091363.6668,0.066917896270752
1829,1750091363.73364,0.0668349266052246
1830,1750091363.79814,0.0645020008087158
1831,1750091363.86547,0.0673325061798096
1832,1750091363.93253,0.0670623779296875
1833,1750091363.99036,0.0578258037567139
1834,1750091364.05603,0.0656697750091553
1835,1750091364.12269,0.066664457321167
1836,1750091364.18943,0.0667366981506348
1837,1750091364.25494,0.0655136108398438
1838,1750091364.32114,0.0662002563476563
1839,1750091364.38929,0.0681498050689697
1840,1750091364.45564,0.0663416385650635
1841,1750091364.52132,0.0656836032867432
1842,1750091364.58797,0.0666549205780029
1843,1750091364.65479,0.0668165683746338
1844,1750091364.72039,0.065603494644165
1845,1750091364.79822,0.0778286457061768
1846,1750091364.86272,0.0645012855529785
1847,1750091364.92786,0.0651309490203857
1848,1750091364.99525,0.0673930644989014
1849,1750091365.06189,0.0666429996490479
1850,1750091365.11994,0.0580482482910156
1851,1750091365.18748,0.0675442218780518
1852,1750091365.25402,0.0665342807769775
1853,1750091365.31889,0.0648679733276367
1854,1750091365.39392,0.0750374794006348
1855,1750091365.45726,0.0633382797241211
1856,1750091365.5289,0.0716402530670166
1857,1750091365.58577,0.0568716526031494
1858,1750091365.65156,0.065788745880127
1859,1750091365.72747,0.0759074687957764
1860,1750091365.7895,0.0620279312133789
1861,1750091365.85005,0.0605502128601074
1862,1750091365.91804,0.067990779876709
1863,1750091365.9861,0.068065881729126
1864,1750091366.05022,0.0641200542449951
1865,1750091366.12558,0.0753529071807861
1866,1750091366.18239,0.0568094253540039
1867,1750091366.25775,0.0753636360168457
1868,1750091366.31598,0.0582327842712402
1869,1750091366.38321,0.0672299861907959
1870,1750091366.4495,0.0662851333618164
1871,1750091366.51559,0.0660912990570068
1872,1750091366.58198,0.066392183303833
1873,1750091366.64944,0.0674595832824707
1874,1750091366.72511,0.075664758682251
1875,1750091366.79064,0.0655369758605957
1876,1750091366.85627,0.0656278133392334
1877,1750091366.91851,0.062237024307251
1878,1750091366.98096,0.0624523162841797
1879,1750091367.04673,0.0657656192779541
1880,1750091367.11349,0.0667605400085449
1881,1750091367.18271,0.0692257881164551
1882,1750091367.24706,0.0643446445465088
1883,1750091367.31265,0.0655956268310547
1884,1750091367.3801,0.0674512386322022
1885,1750091367.4459,0.0657963752746582
1886,1750091367.51268,0.0667781829833984
1887,1750091367.57957,0.0668928623199463
1888,1750091367.6456,0.0660309791564941
1889,1750091367.71109,0.0654895305633545
1890,1750091367.7775,0.0664083957672119
1891,1750091367.85423,0.076725959777832
1892,1750091367.91812,0.0638971328735352
1893,1750091367.97864,0.0605196952819824
1894,1750091368.04798,0.0693354606628418
1895,1750091368.1106,0.0626199245452881
1896,1750091368.18534,0.0747396945953369
1897,1750091368.252,0.0666656494140625
1898,1750091368.31759,0.0655865669250488
1899,1750091368.38609,0.0684976577758789
1900,1750091368.44363,0.0575432777404785
1901,1750091368.50889,0.0652599334716797
1902,1750091368.58501,0.0761165618896484
1903,1750091368.65073,0.0657205581665039
1904,1750091368.71779,0.0670616626739502
1905,1750091368.77603,0.058236837387085
1906,1750091368.84338,0.0673563480377197
1907,1750091368.98165,0.138264894485474
1908,1750091369.04252,0.060868501663208
1909,1750091369.1085,0.0659854412078857
1910,1750091369.1735,0.0649938583374023
1911,1750091369.24214,0.0686461925506592
1912,1750091369.3065,0.0643620491027832
1913,1750091369.37374,0.0672318935394287
1914,1750091369.43934,0.0655992031097412
1915,1750091369.50653,0.067190408706665
1916,1750091369.57284,0.0663104057312012
1917,1750091369.64044,0.0676038265228272
1918,1750091369.7051,0.0646646022796631
1919,1750091369.77239,0.067288875579834
1920,1750091369.83838,0.0659830570220947
1921,1750091369.90676,0.0683867931365967
1922,1750091369.97145,0.0646874904632568
1923,1750091370.04059,0.0691378116607666
1924,1750091370.10425,0.0636591911315918
1925,1750091370.17117,0.0669212341308594
1926,1750091370.23779,0.0666167736053467
1927,1750091370.30453,0.0667486190795898
1928,1750091370.37084,0.0663020610809326
1929,1750091370.43897,0.0681314468383789
1930,1750091370.50342,0.0644559860229492
1931,1750091370.57031,0.0668892860412598
1932,1750091370.63621,0.0658943653106689
1933,1750091370.70239,0.0661840438842773
1934,1750091370.7691,0.0667128562927246
1935,1750091370.83721,0.0681068897247314
1936,1750091370.90922,0.0720067024230957
1937,1750091370.97732,0.0680985450744629
1938,1750091371.03501,0.0576984882354736
1939,1750091371.10214,0.0671298503875732
1940,1750091371.16806,0.0659167766571045
1941,1750091371.23671,0.0686469078063965
1942,1750091371.30055,0.0638368129730225
1943,1750091371.3681,0.0675570964813232
1944,1750091371.43372,0.0656149387359619
1945,1750091371.50058,0.066859245300293
1946,1750091371.56706,0.0664844512939453
1947,1750091371.63489,0.0678279399871826
1948,1750091371.69922,0.0643284320831299
1949,1750091371.76585,0.0666317939758301
1950,1750091371.83223,0.0663845539093018
1951,1750091371.90696,0.0747256278991699
1952,1750091371.96554,0.0585782527923584
1953,1750091372.03362,0.0680809020996094
1954,1750091372.09801,0.0643870830535889
1955,1750091372.16566,0.0676531791687012
1956,1750091372.23151,0.0658547878265381
1957,1750091372.29708,0.0655660629272461
1958,1750091372.36374,0.0666627883911133
1959,1750091372.45336,0.0896217823028564
1960,1750091372.49622,0.042855978012085
1961,1750091372.56282,0.0665950775146484
1962,1750091372.62918,0.0663642883300781
1963,1750091372.69573,0.0665473937988281
1964,1750091372.76248,0.0667526721954346
1965,1750091372.8324,0.0699186325073242
1966,1750091372.89497,0.0625765323638916
1967,1750091372.96118,0.0662047863006592
1968,1750091373.02827,0.0670905113220215
1969,1750091373.09427,0.0660042762756348
1970,1750091373.16082,0.0665414333343506
1971,1750091373.22819,0.0673763751983643
1972,1750091373.29394,0.0657525062561035
1973,1750091373.36027,0.0663278102874756
1974,1750091373.42637,0.0660948753356934
1975,1750091373.49284,0.0664701461791992
1976,1750091373.55935,0.0665104389190674
1977,1750091373.62703,0.0676796436309814
1978,1750091373.69398,0.0669569969177246
1979,1750091373.75908,0.0650973320007324
1980,1750091373.82638,0.0673024654388428
1981,1750091373.89196,0.0655767917633057
1982,1750091373.95832,0.0663578510284424
1983,1750091374.02934,0.0710227489471436
1984,1750091374.09134,0.0619986057281494
1985,1750091374.15827,0.0669314861297607
1986,1750091374.22404,0.0657680034637451
1987,1750091374.29226,0.0682172775268555
1988,1750091374.35715,0.0648941993713379
1989,1750091374.42461,0.0674588680267334
1990,1750091374.48994,0.065333366394043
1991,1750091374.55749,0.0675468444824219
