index,align_timestamp,robot_timestamp,capture_time
0,6790.101914402,6790.099116737,6588442.0
1,6790.136812146,6790.134646154,6588475.0
2,6790.170982914,6790.169981997,6588509.0
3,6790.202016625,6790.200645348,6588542.0
4,6790.234114399,6790.231437522,6588575.0
5,6790.267404107,6790.2633217,6588608.0
6,6790.300656195,6790.29899835,6588642.0
7,6790.341039476,6790.339460417,6588675.0
8,6790.367155965,6790.364864963,6588708.0
9,6790.400311089,6790.395247513,6588741.0
10,6790.441616385,6790.441308673,6588775.0
11,6790.466717957,6790.461847458,6588808.0
12,6790.49999805,6790.497376208,6588841.0
13,6790.533330031,6790.532537751,6588874.0
14,6790.566465093,6790.563290918,6588907.0
15,6790.599617411,6790.598690604,6588941.0
16,6790.633048382,6790.629027991,6588974.0
17,6790.666045126,6790.664369995,6589007.0
18,6790.699284152,6790.694688002,6589040.0
19,6790.732509357,6790.730220253,6589074.0
20,6790.765647639,6790.761152729,6589107.0
21,6790.798862726,6790.798096152,6589140.0
22,6790.832314251,6790.828367804,6589173.0
23,6790.865500995,6790.863644611,6589206.0
24,6790.898946369,6790.893921127,6589240.0
25,6790.931832673,6790.929275006,6589273.0
26,6790.965082739,6790.964669085,6589306.0
27,6790.998462926,6790.995017617,6589339.0
28,6791.031577965,6791.030941258,6589373.0
29,6791.064755419,6791.061327464,6589406.0
30,6791.098099742,6791.093645971,6589439.0
31,6791.131237006,6791.128999761,6589472.0
32,6791.164537743,6791.164436799,6589505.0
33,6791.197697565,6791.194757214,6589539.0
34,6791.232195948,6791.23012079,6589572.0
35,6791.264106355,6791.26128339,6589605.0
36,6791.30761458,6791.307368252,6589638.0
37,6791.340045968,6791.337742016,6589672.0
38,6791.37734218,6791.373479268,6589705.0
39,6791.406756319,6791.40394991,6589738.0
40,6791.440446235,6791.439451903,6589771.0
41,6791.465893152,6791.464935175,6589805.0
42,6791.497350017,6791.496024663,6589838.0
43,6791.532719812,6791.531784988,6589871.0
44,6791.563742525,6791.562436897,6589904.0
45,6791.596957694,6791.593435818,6589937.0
46,6791.630195214,6791.629015139,6589971.0
47,6791.663411167,6791.659573495,6590004.0
48,6791.696667995,6791.69529723,6590037.0
49,6791.729859702,6791.727730627,6590070.0
50,6791.772205004,6791.767323996,6590103.0
51,6791.798004099,6791.797537385,6590137.0
52,6791.829678356,6791.828004099,6590170.0
53,6791.872449787,6791.868501641,6590203.0
54,6791.898145638,6791.893729932,6590236.0
55,6791.929330278,6791.924297773,6590270.0
56,6791.962410783,6791.959915126,6590303.0
57,6791.995663002,6791.991761586,6590336.0
58,6792.028867431,6792.028243643,6590369.0
59,6792.062284971,6792.058719659,6590402.0
60,6792.096558386,6792.094280027,6590436.0
61,6792.128937251,6792.124520962,6590469.0
62,6792.164161779,6792.159969908,6590502.0
63,6792.195448834,6792.19246507,6590535.0
64,6792.230449152,6792.226917211,6590569.0
65,6792.261533409,6792.257339161,6590602.0
66,6792.294682199,6792.292935113,6590635.0
67,6792.327920659,6792.323293021,6590668.0
68,6792.361150605,6792.358665229,6590702.0
69,6792.394410733,6792.394066203,6590735.0
70,6792.427631625,6792.424504206,6590768.0
71,6792.460786499,6792.460225989,6590801.0
72,6792.495262882,6792.491112647,6590834.0
73,6792.526616606,6792.521764648,6590868.0
74,6792.571866414,6792.567478771,6590901.0
75,6792.602796875,6792.598703763,6590934.0
76,6792.636568599,6792.634328252,6590967.0
77,6792.662903061,6792.65984041,6591001.0
78,6792.694642718,6792.69071673,6591034.0
79,6792.725954263,6792.721198211,6591067.0
80,6792.760790135,6792.757453768,6591100.0
81,6792.792886676,6792.788203688,6591134.0
82,6792.8256643,6792.823687193,6591167.0
83,6792.858883466,6792.854189534,6591200.0
84,6792.892523044,6792.889752179,6591233.0
85,6792.925353942,6792.920530879,6591266.0
86,6792.958600162,6792.956193859,6591300.0
87,6792.991939205,6792.986896239,6591333.0
88,6793.024933244,6793.022417338,6591366.0
89,6793.058201867,6793.057819224,6591399.0
90,6793.101077236,6793.099081247,6591433.0
91,6793.124560298,6793.124327609,6591466.0
92,6793.157868556,6793.154632873,6591499.0
93,6793.19133922,6793.190028781,6591532.0
94,6793.224265853,6793.220346016,6591565.0
95,6793.257504197,6793.257181304,6591599.0
96,6793.290879218,6793.288105929,6591632.0
97,6793.324046246,6793.323601863,6591665.0
98,6793.357265592,6793.354171423,6591698.0
99,6793.390481186,6793.389752332,6591732.0
100,6793.423797243,6793.420007818,6591765.0
101,6793.456874858,6793.456415473,6591798.0
102,6793.490136679,6793.488146889,6591831.0
103,6793.523315983,6793.522254883,6591864.0
104,6793.556544643,6793.55254391,6591898.0
105,6793.589814775,6793.588313037,6591931.0
106,6793.623215133,6793.61855967,6591964.0
107,6793.656288495,6793.654044886,6591997.0
108,6793.689558172,6793.684835095,6592031.0
109,6793.722868262,6793.720176417,6592064.0
110,6793.75615739,6793.755435497,6592097.0
111,6793.789172365,6793.786844234,6592130.0
112,6793.822387818,6793.822298139,6592164.0
113,6793.855628403,6793.852624937,6592197.0
114,6793.888899017,6793.888394879,6592230.0
115,6793.922198662,6793.91864726,6592263.0
116,6793.955494821,6793.953976549,6592296.0
117,6793.988412425,6793.984317652,6592330.0
118,6794.031782786,6794.029728285,6592363.0
119,6794.06724607,6794.065132153,6592396.0
120,6794.090947151,6794.085876416,6592429.0
121,6794.128632663,6794.127402316,6592463.0
122,6794.16784416,6794.167713263,6592496.0
123,6794.197474722,6794.192829709,6592529.0
124,6794.228850951,6794.228387328,6592562.0
125,6794.261560593,6794.259014207,6592596.0
126,6794.290454499,6794.289437226,6592629.0
127,6794.322029635,6794.319696478,6592662.0
128,6794.356234819,6794.355151674,6592695.0
129,6794.387161919,6794.381242893,6592728.0
130,6794.420341541,6794.41721065,6592762.0
131,6794.454386252,6794.452917244,6592795.0
132,6794.491661405,6794.48793696,6592828.0
133,6794.529665227,6794.529099661,6592861.0
134,6794.561551246,6794.55963718,6592895.0
135,6794.596303705,6794.595054439,6592928.0
136,6794.629914245,6794.628363731,6592961.0
137,6794.662118679,6794.658755695,6592994.0
138,6794.696507538,6794.694227201,6593027.0
139,6794.728935523,6794.724793242,6593061.0
140,6794.762122662,6794.762023853,6593094.0
141,6794.792673711,6794.791474318,6593127.0
142,6794.819166667,6794.817867865,6593160.0
143,6794.852264417,6794.847952698,6593194.0
144,6794.893370659,6794.888408257,6593227.0
145,6794.918710336,6794.918690185,6593260.0
146,6794.952086214,6794.9490595,6593293.0
147,6794.993988823,6794.989447402,6593327.0
148,6795.018387552,6795.014690185,6593360.0
149,6795.051658761,6795.050068295,6593393.0
150,6795.091553146,6795.091152299,6593426.0
151,6795.118177384,6795.11765457,6593459.0
152,6795.151378437,6795.147670471,6593493.0
153,6795.191604516,6795.188108622,6593526.0
154,6795.217793092,6795.213370447,6593559.0
155,6795.251073014,6795.248757495,6593592.0
156,6795.28597966,6795.284186396,6593626.0
157,6795.318435649,6795.314448443,6593659.0
158,6795.350687957,6795.349809341,6593692.0
159,6795.384053332,6795.380171649,6593725.0
160,6795.417139659,6795.416127992,6593758.0
161,6795.457385172,6795.456929997,6593792.0
162,6795.487029762,6795.483652133,6593825.0
163,6795.519447481,6795.518753165,6593858.0
164,6795.55297419,6795.549083074,6593891.0
165,6795.584332651,6795.579397185,6593925.0
166,6795.616439282,6795.614927743,6593958.0
167,6795.649851824,6795.646676734,6593991.0
168,6795.691623521,6795.686914172,6594024.0
169,6795.716228373,6795.712323089,6594058.0
170,6795.749724348,6795.747902577,6594091.0
171,6795.782822991,6795.778627845,6594124.0
172,6795.815845084,6795.814062029,6594157.0
173,6795.85968141,6795.859558505,6594190.0
174,6795.884846364,6795.879913315,6594224.0
175,6795.915488246,6795.915246272,6594257.0
176,6795.9487066,6795.946420855,6594290.0
177,6795.981995239,6795.977156306,6594323.0
178,6796.02555113,6796.022441217,6594357.0
179,6796.060914154,6796.057832927,6594390.0
180,6796.083614319,6796.083321679,6594423.0
181,6796.114876052,6796.114434693,6594456.0
182,6796.148120561,6796.144933317,6594489.0
183,6796.181294799,6796.177465525,6594523.0
184,6796.214506662,6796.213364938,6594556.0
185,6796.247673445,6796.243368929,6594589.0
186,6796.281073805,6796.278785827,6594622.0
187,6796.314250275,6796.309277597,6594656.0
188,6796.347434332,6796.344677739,6594689.0
189,6796.380665791,6796.380125433,6594722.0
190,6796.413871522,6796.411096267,6594755.0
191,6796.447093969,6796.44688861,6594788.0
192,6796.480394898,6796.477514213,6594822.0
193,6796.51362965,6796.512891644,6594855.0
194,6796.546754249,6796.543461831,6594888.0
195,6796.580951342,6796.579092224,6594921.0
196,6796.613439188,6796.609391678,6594955.0
197,6796.646419646,6796.644883158,6594988.0
198,6796.679696806,6796.678202961,6595021.0
199,6796.713107082,6796.712675764,6595054.0
200,6796.746152671,6796.742523141,6595087.0
201,6796.779403411,6796.777898158,6595121.0
202,6796.812883692,6796.808255094,6595154.0
203,6796.845763046,6796.843533065,6595187.0
204,6796.879090635,6796.879039269,6595220.0
205,6796.912483684,6796.909503482,6595254.0
206,6796.945422021,6796.94481376,6595287.0
207,6796.978678131,6796.975273609,6595320.0
208,6797.011972826,6797.007215709,6595353.0
209,6797.045208779,6797.042443787,6595386.0
210,6797.079938329,6797.077914326,6595420.0
211,6797.111657318,6797.108230195,6595453.0
212,6797.144872375,6797.143631026,6595486.0
213,6797.178173774,6797.17404314,6595519.0
214,6797.211213519,6797.20957237,6595553.0
215,6797.244525766,6797.240282466,6595586.0
216,6797.277697754,6797.276618726,6595619.0
217,6797.310944763,6797.30718994,6595652.0
218,6797.344188001,6797.342544144,6595686.0
219,6797.378506534,6797.373850041,6595719.0
220,6797.410595976,6797.409268073,6595752.0
221,6797.443803469,6797.439881654,6595785.0
222,6797.487412473,6797.486536368,6595818.0
223,6797.519898126,6797.516862982,6595852.0
224,6797.551565452,6797.548123078,6595885.0
225,6797.586447828,6797.583542036,6595918.0
226,6797.620161833,6797.618894809,6595951.0
227,6797.645584247,6797.644182146,6595985.0
228,6797.679327779,6797.674541777,6596018.0
229,6797.710583616,6797.709846521,6596051.0
230,6797.742847041,6797.740438434,6596084.0
231,6797.776015631,6797.772333081,6596117.0
232,6797.819563768,6797.818568642,6596151.0
233,6797.852058688,6797.848923154,6596184.0
234,6797.875730462,6797.87421459,6596217.0
235,6797.908976533,6797.904593917,6596250.0
236,6797.942295896,6797.940041788,6596284.0
237,6797.975517336,6797.97090425,6596317.0
238,6798.008703333,6798.007723944,6596350.0
239,6798.042194995,6798.037225804,6596383.0
240,6798.0750688,6798.073133047,6596417.0
241,6798.108333489,6798.103706762,6596450.0
242,6798.141631455,6798.139250595,6596483.0
243,6798.174740081,6798.174603643,6596516.0
244,6798.218230465,6798.215675317,6596549.0
245,6798.251373512,6798.246471366,6596583.0
246,6798.284627093,6798.281984559,6596616.0
247,6798.317248347,6798.317162652,6596649.0
248,6798.342275978,6798.337418365,6596682.0
249,6798.374080167,6798.37303374,6596715.0
250,6798.407346903,6798.403563909,6596749.0
251,6798.440497754,6798.439136954,6596782.0
252,6798.481476821,6798.480105826,6596815.0
253,6798.506962103,6798.506674556,6596848.0
254,6798.540210142,6798.536242242,6596882.0
255,6798.57355197,6798.572936902,6596915.0
256,6798.607076608,6798.603256487,6596948.0
257,6798.639892042,6798.638581194,6596981.0
258,6798.67307531,6798.668962941,6597014.0
259,6798.706415454,6798.704560982,6597048.0
260,6798.739512883,6798.735027163,6597081.0
261,6798.781739121,6798.78131575,6597114.0
262,6798.80599039,6798.803280774,6597147.0
263,6798.83927911,6798.838105385,6597181.0
264,6798.881746253,6798.878608911,6597214.0
265,6798.905641738,6798.904016923,6597247.0
266,6798.938821396,6798.934537185,6597280.0
267,6798.9720472,6798.970437689,6597314.0
268,6799.005314332,6799.001933172,6597347.0
269,6799.038450669,6799.038403771,6597380.0
270,6799.071799887,6799.067682393,6597413.0
271,6799.10494582,6799.103127274,6597446.0
272,6799.138216437,6799.133522173,6597480.0
273,6799.181219581,6799.179135783,6597513.0
274,6799.211571426,6799.209457314,6597546.0
275,6799.237834885,6799.234724011,6597579.0
276,6799.271146441,6799.270292558,6597613.0
277,6799.304354277,6799.301703158,6597646.0
278,6799.337547173,6799.333121875,6597679.0
279,6799.370820113,6799.368425442,6597712.0
280,6799.404065179,6799.403818706,6597745.0
281,6799.437256611,6799.434124671,6597779.0
282,6799.470446067,6799.469481564,6597812.0
283,6799.503771156,6799.499820752,6597845.0
284,6799.536924806,6799.535540829,6597878.0
285,6799.570207432,6799.566254806,6597912.0
286,6799.60338655,6799.602799925,6597945.0
287,6799.636832622,6799.633714291,6597978.0
288,6799.669798512,6799.669242793,6598011.0
289,6799.702997865,6799.699551905,6598044.0
290,6799.736242985,6799.734943592,6598078.0
291,6799.774398661,6799.773230387,6598111.0
292,6799.802877906,6799.802854765,6598144.0
293,6799.835888981,6799.83319947,6598177.0
294,6799.869109845,6799.868575546,6598211.0
295,6799.902470146,6799.898997719,6598244.0
296,6799.93559352,6799.934569997,6598277.0
297,6799.968927989,6799.965095077,6598310.0
298,6800.002145156,6800.001394991,6598343.0
299,6800.035207673,6800.033005657,6598377.0
300,6800.077803704,6800.073014965,6598410.0
301,6800.101803187,6800.098487059,6598443.0
302,6800.134884644,6800.133872771,6598476.0
303,6800.177851801,6800.174434206,6598510.0
304,6800.211372301,6800.209798168,6598543.0
305,6800.241295604,6800.240508566,6598576.0
306,6800.270652617,6800.26780957,6598609.0
307,6800.303433839,6800.303152169,6598643.0
308,6800.337264337,6800.33346045,6598676.0
309,6800.369838709,6800.368828448,6598709.0
310,6800.422742065,6800.419520687,6598742.0
311,6800.433905792,6800.429603008,6598775.0
312,6800.467185506,6800.465350908,6598809.0
313,6800.500384997,6800.496271761,6598842.0
314,6800.533610735,6800.532106134,6598875.0
315,6800.566878339,6800.563414988,6598908.0
316,6800.60026964,6800.598809437,6598942.0
317,6800.633254065,6800.629280964,6598975.0
318,6800.671372018,6800.669670623,6599008.0
319,6800.699826702,6800.695207361,6599041.0
320,6800.735141803,6800.731209239,6599074.0
321,6800.76830639,6800.767039709,6599108.0
322,6800.800028546,6800.79732014,6599141.0
323,6800.83274267,6800.827898339,6599174.0
324,6800.865800761,6800.863504365,6599207.0
325,6800.899038727,6800.89885263,6599241.0
326,6800.941275661,6800.93928829,6599274.0
327,6800.971306234,6800.969622775,6599307.0
328,6800.998706958,6800.995034837,6599340.0
329,6801.03196223,6801.03131547,6599374.0
330,6801.066884002,6801.062158696,6599407.0
331,6801.098464868,6801.097272862,6599440.0
332,6801.131688187,6801.127621962,6599473.0
333,6801.171232372,6801.168044085,6599506.0
334,6801.19802621,6801.193470653,6599540.0
335,6801.231269176,6801.228848326,6599573.0
336,6801.271280736,6801.269297274,6599606.0
337,6801.297771453,6801.294524445,6599639.0
338,6801.330982638,6801.329869948,6599672.0
339,6801.364193358,6801.360716101,6599706.0
340,6801.397444954,6801.393159875,6599739.0
341,6801.430707836,6801.42857545,6599772.0
342,6801.471271695,6801.469074727,6599805.0
343,6801.497112112,6801.494460767,6599839.0
344,6801.530272808,6801.529783002,6599872.0
345,6801.56356409,6801.560615796,6599905.0
346,6801.596793002,6801.596622016,6599938.0
347,6801.641448156,6801.637224538,6599972.0
348,6801.664734211,6801.662248782,6600005.0
349,6801.696477892,6801.692983915,6600038.0
350,6801.730033698,6801.72837797,6600071.0
351,6801.762854739,6801.758697111,6600104.0
352,6801.796057261,6801.794108479,6600138.0
353,6801.829356506,6801.8244363,6600171.0
354,6801.862746315,6801.8598701,6600204.0
355,6801.895766056,6801.891138761,6600237.0
356,6801.929030927,6801.926817786,6600271.0
357,6801.962408471,6801.962182557,6600304.0
358,6801.995412642,6801.992256405,6600337.0
359,6802.028678376,6802.027983807,6600370.0
360,6802.062121873,6802.058468531,6600403.0
361,6802.095144094,6802.093876749,6600437.0
362,6802.128410773,6802.124147489,6600470.0
363,6802.161640884,6802.159513994,6600503.0
364,6802.205172722,6802.200412209,6600536.0
365,6802.240653854,6802.236241634,6600570.0
366,6802.263219349,6802.262131942,6600603.0
367,6802.294542855,6802.293467415,6600636.0
368,6802.327703938,6802.323955932,6600669.0
369,6802.370645551,6802.369767357,6600703.0
370,6802.404346683,6802.401595082,6600736.0
371,6802.429759382,6802.426349624,6600769.0
372,6802.463434872,6802.462137308,6600802.0
373,6802.504056157,6802.502580858,6600835.0
374,6802.536231489,6802.533458787,6600869.0
375,6802.562571213,6802.558987348,6600902.0
376,6802.59518243,6802.594184394,6600935.0
377,6802.626695943,6802.624529029,6600968.0
378,6802.659935458,6802.65992042,6601002.0
379,6802.693212092,6802.691170347,6601035.0
380,6802.726340425,6802.721643771,6601068.0
381,6802.759551868,6802.757074186,6601101.0
382,6802.79481101,6802.793037781,6601134.0
383,6802.827043595,6802.82339808,6601168.0
384,6802.86111346,6802.859028507,6601201.0
385,6802.893643412,6802.889403062,6601234.0
386,6802.928164088,6802.924821181,6601267.0
387,6802.959941584,6802.95747613,6601301.0
388,6802.993944675,6802.992253658,6601334.0
389,6803.026772067,6803.022531436,6601367.0
390,6803.060771062,6803.05802122,6601400.0
391,6803.092891723,6803.088403231,6601433.0
392,6803.12693261,6803.12369131,6601467.0
393,6803.160875134,6803.15911266,6601500.0
394,6803.194525172,6803.18950229,6601533.0
395,6803.227039728,6803.224915283,6601566.0
396,6803.258589062,6803.257883745,6601600.0
397,6803.291953142,6803.288198474,6601633.0
398,6803.325006975,6803.323552835,6601666.0
399,6803.358297959,6803.353871704,6601699.0
400,6803.391506064,6803.389228857,6601732.0
401,6803.424739801,6803.424589047,6601766.0
402,6803.458027709,6803.454909631,6601799.0
403,6803.491303815,6803.485972356,6601832.0
404,6803.524399195,6803.52195966,6601865.0
405,6803.557612662,6803.557126479,6601899.0
406,6803.590794531,6803.587622488,6601932.0
407,6803.624109311,6803.623197533,6601965.0
408,6803.657231975,6803.653583696,6601998.0
409,6803.690478159,6803.689028222,6602032.0
410,6803.723765133,6803.719676491,6602065.0
411,6803.757007891,6803.75582984,6602098.0
412,6803.790146661,6803.786993592,6602131.0
413,6803.823425144,6803.822026799,6602164.0
414,6803.856590251,6803.852411569,6602198.0
415,6803.889805245,6803.887830848,6602231.0
416,6803.922921584,6803.918392301,6602264.0
417,6803.95632681,6803.953823227,6602297.0
418,6803.989544329,6803.989232516,6602331.0
419,6804.023126036,6804.01949041,6602364.0
420,6804.058281021,6804.054870375,6602397.0
421,6804.089177979,6804.085977745,6602430.0
422,6804.123804263,6804.122046324,6602463.0
423,6804.155974936,6804.15215625,6602497.0
424,6804.191102214,6804.188181651,6602530.0
425,6804.228379826,6804.223873547,6602563.0
426,6804.255096217,6804.254327967,6602596.0
427,6804.288972782,6804.28526448,6602630.0
428,6804.324061208,6804.32150319,6602663.0
429,6804.354983419,6804.35332548,6602696.0
430,6804.38823678,6804.383886908,6602729.0
431,6804.421525712,6804.419141201,6602763.0
432,6804.454748998,6804.454711767,6602796.0
433,6804.487977988,6804.486397553,6602829.0
434,6804.52109704,6804.517375923,6602862.0
435,6804.554458612,6804.552882602,6602895.0
436,6804.587628122,6804.583194422,6602929.0
437,6804.621041487,6804.618601424,6602962.0
438,6804.654269984,6804.653975115,6602995.0
439,6804.687455233,6804.684251345,6603028.0
440,6804.720719505,6804.720391116,6603062.0
441,6804.753872273,6804.75127789,6603095.0
442,6804.787127267,6804.787032797,6603128.0
443,6804.820347257,6804.817689924,6603161.0
444,6804.853525425,6804.853066018,6603194.0
445,6804.886808652,6804.883374809,6603228.0
446,6804.919930161,6804.918768675,6603261.0
447,6804.953587147,6804.949070628,6603294.0
448,6804.988628517,6804.984484909,6603327.0
449,6805.01962436,6805.015619072,6603361.0
450,6805.054201313,6805.051148459,6603394.0
451,6805.087585245,6805.082989574,6603427.0
452,6805.119179186,6805.118328109,6603460.0
453,6805.152433803,6805.148646627,6603494.0
454,6805.185738519,6805.184157281,6603527.0
455,6805.218886854,6805.214536009,6603560.0
456,6805.253253046,6805.25006308,6603593.0
457,6805.287033303,6805.286070863,6603626.0
458,6805.318535749,6805.316879179,6603660.0
459,6805.351857663,6805.346981189,6603693.0
460,6805.38506752,6805.382844664,6603726.0
461,6805.418442202,6805.418068848,6603759.0
462,6805.451545517,6805.448467726,6603793.0
463,6805.484684366,6805.484033809,6603826.0
464,6805.517952249,6805.514495142,6603859.0
465,6805.551250492,6805.550316578,6603892.0
466,6805.584408164,6805.580996167,6603925.0
467,6805.617595804,6805.616895602,6603959.0
468,6805.650769814,6805.64715987,6603992.0
469,6805.684149538,6805.683338024,6604025.0
470,6805.717248007,6805.713885075,6604058.0
471,6805.750503269,6805.749373645,6604092.0
472,6805.783733043,6805.779810777,6604125.0
473,6805.817003666,6805.816996922,6604158.0
474,6805.850194993,6805.84689758,6604191.0
475,6805.88348895,6805.882772501,6604225.0
476,6805.916644285,6805.913131613,6604258.0
477,6805.950020685,6805.948449312,6604291.0
478,6805.98315744,6805.978773381,6604324.0
479,6806.016345704,6806.014226373,6604357.0
480,6806.049643128,6806.049619909,6604391.0
481,6806.082834146,6806.079905844,6604424.0
482,6806.115989619,6806.11090388,6604457.0
483,6806.149325446,6806.147121206,6604490.0
484,6806.1824677,6806.177912587,6604524.0
485,6806.215593074,6806.213258014,6604557.0
486,6806.248979646,6806.248688968,6604590.0
487,6806.282640783,6806.278982238,6604623.0
488,6806.31762377,6806.314395309,6604656.0
489,6806.348520937,6806.344711005,6604690.0
490,6806.382005543,6806.380855594,6604723.0
491,6806.415140416,6806.411383766,6604756.0
492,6806.448475368,6806.446886579,6604789.0
493,6806.481716708,6806.477122225,6604823.0
494,6806.514857466,6806.51247726,6604856.0
495,6806.548173576,6806.547886304,6604889.0
496,6806.581419997,6806.578200862,6604922.0
497,6806.614495309,6806.613602444,6604956.0
498,6806.647797289,6806.643904574,6604989.0
499,6806.680940123,6806.679323477,6605022.0
500,6806.714160526,6806.709681425,6605055.0
501,6806.747454176,6806.745611913,6605088.0
502,6806.780656288,6806.776389834,6605122.0
503,6806.813932489,6806.811961455,6605155.0
504,6806.847198336,6806.842195493,6605188.0
505,6806.880429492,6806.877709363,6605221.0
506,6806.913568433,6806.91344946,6605255.0
507,6806.946787139,6806.944092308,6605288.0
508,6806.980083755,6806.979712429,6605321.0
509,6807.013147294,6807.010777107,6605354.0
510,6807.046548261,6807.042011468,6605387.0
511,6807.079578045,6807.077279874,6605421.0
512,6807.114155825,6807.112748871,6605454.0
513,6807.14753157,6807.143319002,6605487.0
514,6807.179504089,6807.178934649,6605520.0
515,6807.212896711,6807.209520314,6605554.0
516,6807.247953586,6807.24527577,6605587.0
517,6807.279285648,6807.277911741,6605620.0
518,6807.32172686,6807.318341689,6605653.0
519,6807.347068004,6807.343618161,6605686.0
520,6807.378592177,6807.373953594,6605720.0
521,6807.411739573,6807.409575088,6605753.0
522,6807.445181985,6807.440180103,6605786.0
523,6807.478448505,6807.477056682,6605819.0
524,6807.511488537,6807.507291499,6605853.0
525,6807.544682369,6807.542384765,6605886.0
526,6807.578942439,6807.577898502,6605919.0
527,6807.611184836,6807.608139051,6605952.0
528,6807.644462788,6807.643717985,6605986.0
529,6807.677544415,6807.674004198,6606019.0
530,6807.710858317,6807.709370519,6606052.0
531,6807.744066012,6807.739732292,6606085.0
532,6807.777606298,6807.776885015,6606118.0
533,6807.810490826,6807.806954385,6606152.0
534,6807.843974326,6807.842580745,6606185.0
535,6807.87696782,6807.872898073,6606218.0
536,6807.910155694,6807.908370759,6606251.0
537,6807.943422896,6807.938649467,6606285.0
538,6807.976550999,6807.974068279,6606318.0
539,6808.009874072,6808.009503753,6606351.0
540,6808.043149382,6808.040235229,6606384.0
541,6808.076270672,6808.076039262,6606417.0
542,6808.109466407,6808.106607876,6606451.0
543,6808.143117377,6808.142522575,6606484.0
544,6808.177221436,6808.17285663,6606517.0
545,6808.209574681,6808.208259051,6606550.0
546,6808.242532432,6808.238562384,6606584.0
547,6808.275613587,6808.273936201,6606617.0
548,6808.308887238,6808.304253417,6606650.0
549,6808.342498266,6808.339627673,6606683.0
550,6808.377515621,6808.375773112,6606717.0
551,6808.40858992,6808.40666581,6606750.0
552,6808.441776454,6808.436963975,6606783.0
553,6808.475011567,6808.472371729,6606816.0
554,6808.508244775,6808.50774668,6606849.0
555,6808.542267568,6808.538031112,6606883.0
556,6808.574839989,6808.573516481,6606916.0
557,6808.60812876,6808.603872906,6606949.0
558,6808.641239459,6808.639345768,6606982.0
559,6808.674484034,6808.670019432,6607016.0
560,6808.707626516,6808.706500365,6607049.0
561,6808.740840945,6808.737058981,6607082.0
562,6808.774121797,6808.772256633,6607115.0
563,6808.807322711,6808.802739254,6607148.0
564,6808.840491407,6808.838131002,6607182.0
565,6808.873811406,6808.873461835,6607215.0
566,6808.906988385,6808.90377933,6607248.0
567,6808.940154522,6808.939524955,6607281.0
568,6808.973407618,6808.970267323,6607315.0
569,6809.006604681,6809.002834751,6607348.0
570,6809.03983537,6809.0377602,6607381.0
571,6809.073293254,6809.068375872,6607414.0
572,6809.106321065,6809.104192056,6607448.0
573,6809.139515417,6809.134691748,6607481.0
574,6809.173888105,6809.170785369,6607514.0
575,6809.207688812,6809.20679597,6607547.0
576,6809.239129603,6809.237003934,6607580.0
577,6809.272842854,6809.272254738,6607614.0
578,6809.305623254,6809.30256447,6607647.0
579,6809.338879633,6809.337981038,6607680.0
580,6809.373255131,6809.36831448,6607713.0
581,6809.405878062,6809.403753188,6607747.0
582,6809.439787827,6809.43937312,6607780.0
583,6809.472327534,6809.469721265,6607813.0
584,6809.5066384,6809.505630874,6607846.0
585,6809.538686464,6809.53769285,6607879.0
586,6809.572832678,6809.56807702,6607913.0
587,6809.605231986,6809.603624016,6607946.0
588,6809.639230469,6809.634216448,6607979.0
589,6809.672980821,6809.67068867,6608012.0
590,6809.704317878,6809.70090663,6608046.0
591,6809.737544151,6809.737217424,6608079.0
592,6809.770847803,6809.767811903,6608112.0
593,6809.804055551,6809.803231869,6608145.0
594,6809.837183472,6809.833624131,6608178.0
595,6809.870519505,6809.869271128,6608212.0
596,6809.903665152,6809.899645318,6608245.0
597,6809.936954303,6809.930777153,6608278.0
598,6809.971362295,6809.966541852,6608311.0
599,6810.005324324,6810.002406651,6608345.0
600,6810.036530653,6810.033025876,6608378.0
601,6810.069809775,6810.068526262,6608411.0
602,6810.102967293,6810.098875759,6608444.0
603,6810.135861983,6810.134224486,6608477.0
604,6810.16947879,6810.164526602,6608511.0
605,6810.202595654,6810.200245811,6608544.0
606,6810.235756667,6810.230903363,6608577.0
607,6810.269061077,6810.266838417,6608610.0
608,6810.302247327,6810.297746444,6608644.0
609,6810.335516121,6810.333072732,6608677.0
610,6810.368710856,6810.36845029,6608710.0
611,6810.411537138,6810.408901341,6608743.0
612,6810.437273362,6810.434183178,6608776.0
613,6810.468555596,6810.464633034,6608810.0
614,6810.501624028,6810.500699865,6608843.0
615,6810.53486344,6810.531857309,6608876.0
616,6810.568088577,6810.567912406,6608909.0
617,6810.601407119,6810.598232391,6608943.0
618,6810.635930241,6810.633935092,6608976.0
619,6810.668150621,6810.664326677,6609009.0
620,6810.702617534,6810.70003555,6609042.0
621,6810.735938201,6810.731809198,6609076.0
622,6810.767390052,6810.763161225,6609109.0
623,6810.800636508,6810.798466073,6609142.0
624,6810.834234614,6810.833883445,6609175.0
625,6810.867691879,6810.864194712,6609208.0
626,6810.900375926,6810.899579418,6609242.0
627,6810.933612575,6810.930500334,6609275.0
628,6810.966776211,6810.962145977,6609308.0
629,6810.999991705,6810.99737957,6609341.0
630,6811.033318998,6811.032714662,6609375.0
631,6811.066470594,6811.063065241,6609408.0
632,6811.099975496,6811.098428508,6609441.0
633,6811.132948944,6811.128757429,6609474.0
634,6811.166098211,6811.164150661,6609507.0
635,6811.199525132,6811.194481016,6609541.0
636,6811.232577864,6811.230376903,6609574.0
637,6811.265758544,6811.261125951,6609607.0
638,6811.299309162,6811.29710882,6609640.0
639,6811.332561613,6811.332311281,6609674.0
640,6811.367580898,6811.362643216,6609707.0
641,6811.39895599,6811.398269056,6609740.0
642,6811.433081355,6811.428496487,6609773.0
643,6811.465437215,6811.463827037,6609807.0
644,6811.500202172,6811.499473107,6609840.0
645,6811.532340585,6811.529864308,6609873.0
646,6811.566040423,6811.560542026,6609906.0
647,6811.598333896,6811.597376987,6609939.0
648,6811.631106043,6811.627098924,6609973.0
649,6811.666208349,6811.662638023,6610006.0
650,6811.697676631,6811.693137641,6610039.0
651,6811.731013553,6811.728372648,6610072.0
652,6811.764249804,6811.763778477,6610106.0
653,6811.79745355,6811.794070501,6610139.0
654,6811.830955588,6811.82959511,6610172.0
655,6811.863819819,6811.860442121,6610205.0
656,6811.897133507,6811.896901231,6610238.0
657,6811.930312195,6811.928037866,6610272.0
658,6811.963476929,6811.958452205,6610305.0
659,6811.996775024,6811.993936692,6610338.0
660,6812.029942158,6812.029253277,6610371.0
661,6812.063167448,6812.059654439,6610405.0
662,6812.096395278,6812.09595978,6610438.0
663,6812.129673888,6812.126584272,6610471.0
664,6812.163164529,6812.161856266,6610504.0
665,6812.196039562,6812.192237642,6610537.0
666,6812.229186517,6812.227656927,6610571.0
667,6812.262807124,6812.25793637,6610604.0
668,6812.298009614,6812.293375381,6610637.0
669,6812.329091405,6812.328937267,6610670.0
670,6812.363409454,6812.359139133,6610704.0
671,6812.396689732,6812.39556949,6610737.0
672,6812.43141811,6812.426705236,6610770.0
673,6812.463629277,6812.463506975,6610803.0
674,6812.496367235,6812.493826646,6610836.0
675,6812.528628077,6812.524151034,6610870.0
676,6812.563777586,6812.559655686,6610903.0
677,6812.594362416,6812.591229773,6610936.0
678,6812.627627266,6812.626576176,6610969.0
679,6812.660842571,6812.656745479,6611003.0
680,6812.694072518,6812.692374679,6611036.0
681,6812.727301188,6812.7230254,6611069.0
682,6812.760807456,6812.758398087,6611102.0
683,6812.79436786,6812.793753888,6611135.0
684,6812.828444599,6812.824283719,6611169.0
685,6812.862115338,6812.860298649,6611202.0
686,6812.893685021,6812.891497677,6611235.0
687,6812.926865753,6812.922734179,6611268.0
688,6812.960052126,6812.95812747,6611302.0
689,6812.99340478,6812.988510409,6611335.0
690,6813.026558586,6813.023875731,6611368.0
691,6813.059821852,6813.059218845,6611401.0
692,6813.093041068,6813.089572234,6611434.0
693,6813.12627969,6813.125822175,6611468.0
694,6813.159436303,6813.156402327,6611501.0
695,6813.19270969,6813.192558635,6611534.0
696,6813.226005395,6813.222840931,6611567.0
697,6813.260984987,6813.258276104,6611601.0
698,6813.295347786,6813.293648486,6611634.0
699,6813.327265794,6813.323978402,6611667.0
700,6813.358918912,6813.354500347,6611700.0
701,6813.392443547,6813.391827842,6611734.0
702,6813.426476341,6813.422313948,6611767.0
703,6813.461972715,6813.45757204,6611800.0
704,6813.493426538,6813.48848271,6611833.0
705,6813.525352122,6813.523831939,6611866.0
706,6813.559377471,6813.559281214,6611900.0
707,6813.591863952,6813.589598493,6611933.0
708,6813.6267766,6813.625805014,6611966.0
709,6813.657898524,6813.656539999,6611999.0
710,6813.691137172,6813.686858694,6612033.0
711,6813.726178509,6813.721982842,6612066.0
712,6813.758856749,6813.757974863,6612099.0
713,6813.7926143,6813.788256305,6612132.0
714,6813.825211921,6813.823699487,6612165.0
715,6813.857660238,6813.853973654,6612199.0
716,6813.891834724,6813.889650272,6612232.0
717,6813.9240059,6813.921083504,6612265.0
718,6813.959274483,6813.956849936,6612298.0
719,6813.990450814,6813.987982741,6612332.0
720,6814.023262434,6814.018524726,6612365.0
721,6814.056629001,6814.054289637,6612398.0
722,6814.089867776,6814.085909681,6612431.0
723,6814.123049435,6814.121491837,6612464.0
724,6814.156283745,6814.151783291,6612498.0
725,6814.189732405,6814.187150699,6612531.0
726,6814.223066668,6814.222632497,6612564.0
727,6814.256543727,6814.252839515,6612597.0
728,6814.289132699,6814.288253833,6612631.0
729,6814.322576804,6814.318534287,6612664.0
730,6814.355542156,6814.353949399,6612697.0
731,6814.388776611,6814.38427577,6612730.0
732,6814.42315005,6814.419753189,6612764.0
733,6814.456835731,6814.455943247,6612797.0
734,6814.488470333,6814.486784483,6612830.0
735,6814.522154612,6814.521747846,6612863.0
736,6814.55709519,6814.556979557,6612896.0
737,6814.588078285,6814.58782081,6612930.0
738,6814.621494439,6814.618070516,6612963.0
739,6814.654589345,6814.653428218,6612996.0
740,6814.687813842,6814.683783734,6613029.0
741,6814.720986895,6814.719472339,6613063.0
742,6814.754178178,6814.749531012,6613096.0
743,6814.791404798,6814.786735478,6613129.0
744,6814.820628503,6814.816635705,6613162.0
745,6814.853871436,6814.852158289,6613195.0
746,6814.887056595,6814.882603942,6613229.0
747,6814.920620671,6814.918413559,6613262.0
748,6814.953597583,6814.948934886,6613295.0
749,6814.98676977,6814.984536818,6613328.0
750,6815.019913615,6815.016161558,6613362.0
751,6815.053121399,6815.051414506,6613395.0
752,6815.086429769,6815.081939933,6613428.0
753,6815.119619357,6815.11724976,6613461.0
754,6815.152844607,6815.15257239,6613494.0
755,6815.186236541,6815.182999608,6613528.0
756,6815.219224558,6815.218359587,6613561.0
757,6815.252475815,6815.248757639,6613594.0
758,6815.285758531,6815.284109933,6613627.0
759,6815.318631827,6815.31446326,6613661.0
760,6815.353359185,6815.352744705,6613694.0
761,6815.385685835,6815.381654652,6613727.0
762,6815.419729069,6815.41790458,6613760.0
763,6815.452352919,6815.448206596,6613793.0
764,6815.487346879,6815.483533547,6613827.0
765,6815.518243114,6815.513910303,6613860.0
766,6815.552784441,6815.549281149,6613893.0
767,6815.586687376,6815.585796289,6613926.0
768,6815.61799964,6815.61629003,6613960.0
769,6815.651303007,6815.646671165,6613993.0
770,6815.685788251,6815.682671683,6614026.0
771,6815.719252124,6815.718358734,6614059.0
772,6815.750895359,6815.748826316,6614092.0
773,6815.784478275,6815.784412246,6614126.0
774,6815.818513913,6815.814495937,6614159.0
775,6815.855623216,6815.851372387,6614192.0
776,6815.886193024,6815.881321828,6614225.0
777,6815.91709975,6815.91219499,6614259.0
778,6815.950396135,6815.947532296,6614292.0
779,6815.983611773,6815.983208422,6614325.0
780,6816.016809727,6816.013442774,6614358.0
781,6816.049894689,6816.04882247,6614391.0
782,6816.083339241,6816.079319051,6614425.0
783,6816.116040673,6816.115537066,6614458.0
784,6816.149557675,6816.146088062,6614491.0
785,6816.182836547,6816.182412765,6614524.0
786,6816.216006433,6816.212245226,6614558.0
787,6816.249188239,6816.24766794,6614591.0
788,6816.283073572,6816.277913952,6614624.0
789,6816.315633213,6816.313339832,6614657.0
790,6816.348952834,6816.348788145,6614690.0
791,6816.382201801,6816.379251156,6614724.0
792,6816.415356416,6816.415171106,6614757.0
793,6816.448605842,6816.445986283,6614790.0
794,6816.483852158,6816.48238134,6614823.0
795,6816.515358834,6816.512916134,6614857.0
796,6816.550453697,6816.54851342,6614890.0
797,6816.591174427,6816.58890955,6614923.0
798,6816.6167938,6816.614317881,6614956.0
799,6816.648697861,6816.645289931,6614989.0
800,6816.682643577,6816.68167405,6615023.0
801,6816.71611588,6816.711736464,6615056.0
802,6816.747680161,6816.747371079,6615089.0
803,6816.782505971,6816.77743534,6615122.0
804,6816.814724264,6816.813142553,6615156.0
805,6816.847217254,6816.843690102,6615189.0
806,6816.880473401,6816.879242756,6615222.0
807,6816.913643019,6816.910280308,6615255.0
808,6816.946889009,6816.945831728,6615288.0
809,6816.98020801,6816.976497234,6615322.0
810,6817.013304219,6817.01258562,6615355.0
811,6817.046563729,6817.042986541,6615388.0
812,6817.079773154,6817.078465948,6615421.0
813,6817.11259709,6817.109091713,6615455.0
814,6817.146188147,6817.144888044,6615488.0
815,6817.179533382,6817.176028647,6615521.0
816,6817.212690839,6817.211996222,6615554.0
817,6817.246310197,6817.242278234,6615588.0
818,6817.280750852,6817.277649896,6615621.0
819,6817.31285775,6817.307981489,6615654.0
820,6817.346835927,6817.343311495,6615687.0
821,6817.379203413,6817.378724844,6615720.0
822,6817.41325639,6817.409033583,6615754.0
823,6817.446845731,6817.444536002,6615787.0
824,6817.478520596,6817.475402926,6615820.0
825,6817.511651457,6817.506391144,6615853.0
826,6817.544867939,6817.54162092,6615887.0
827,6817.578130205,6817.577043611,6615920.0
828,6817.611292655,6817.607540444,6615953.0
829,6817.644570074,6817.642918648,6615986.0
830,6817.677768077,6817.673278884,6616019.0
831,6817.711075757,6817.708720607,6616053.0
832,6817.744898838,6817.744260577,6616086.0
833,6817.778822079,6817.77530374,6616119.0
834,6817.810335641,6817.806962629,6616152.0
835,6817.843856894,6817.843148885,6616186.0
836,6817.877306041,6817.873755406,6616219.0
837,6817.910270745,6817.908949027,6616252.0
838,6817.943451235,6817.939416077,6616285.0
839,6817.976664068,6817.975410314,6616318.0
840,6818.009931755,6818.007317354,6616352.0
841,6818.04308521,6818.042908079,6616385.0
842,6818.076370228,6818.073343849,6616418.0
843,6818.109605054,6818.108769731,6616451.0
844,6818.142777226,6818.139985571,6616485.0
845,6818.176005216,6818.174660534,6616518.0
846,6818.209234382,6818.205814862,6616551.0
847,6818.242515507,6818.241862,6616584.0
848,6818.275619745,6818.272198385,6616617.0
849,6818.308922931,6818.307715467,6616651.0
850,6818.343534239,6818.343079305,6616684.0
851,6818.377396616,6818.37338433,6616717.0
852,6818.411521043,6818.408896253,6616750.0
853,6818.44410041,6818.439160152,6616784.0
854,6818.478098687,6818.474786619,6616817.0
855,6818.508297026,6818.505686653,6616850.0
856,6818.544327784,6818.542046238,6616883.0
857,6818.5779792,6818.577372882,6616916.0
858,6818.608275026,6818.607537034,6616950.0
859,6818.641176079,6818.63786018,6616983.0
860,6818.674402854,6818.673253034,6617016.0
861,6818.707852385,6818.703538392,6617049.0
862,6818.740827854,6818.7389867,6617083.0
863,6818.773933628,6818.769278327,6617116.0
864,6818.807298015,6818.805228899,6617149.0
865,6818.840474332,6818.836121937,6617182.0
866,6818.87371219,6818.87187045,6617215.0
867,6818.906885282,6818.902813622,6617249.0
868,6818.940093042,6818.938393397,6617282.0
869,6818.973409627,6818.968834559,6617315.0
870,6819.006789063,6819.004173777,6617348.0
871,6819.039768674,6819.039679151,6617382.0
872,6819.074433238,6819.070667688,6617415.0
873,6819.106995287,6819.102328489,6617448.0
874,6819.140748532,6819.137959564,6617481.0
875,6819.172703264,6819.168337598,6617514.0
876,6819.205909811,6819.203650809,6617548.0
877,6819.239158906,6819.239037128,6617581.0
878,6819.272329188,6819.269306645,6617614.0
879,6819.305835679,6819.305367103,6617647.0
880,6819.338809566,6819.33631232,6617681.0
881,6819.371980443,6819.3715012,6617714.0
882,6819.405873041,6819.401993025,6617747.0
883,6819.438510923,6819.437691783,6617780.0
884,6819.473089802,6819.468187324,6617813.0
885,6819.506688323,6819.503653502,6617847.0
886,6819.538190061,6819.534102399,6617880.0
887,6819.581007683,6819.579895561,6617913.0
888,6819.604994566,6819.60070675,6617946.0
889,6819.637850051,6819.636212868,6617980.0
890,6819.671100073,6819.666536036,6618013.0
891,6819.704369361,6819.701905225,6618046.0
892,6819.737569688,6819.732579915,6618079.0
893,6819.771029101,6819.767972077,6618113.0
894,6819.804020449,6819.803668863,6618146.0
895,6819.837221562,6819.83375909,6618179.0
896,6819.870844868,6819.869138731,6618212.0
897,6819.903406251,6819.899457863,6618245.0
898,6819.936941074,6819.93644344,6618279.0
899,6819.970102165,6819.967878145,6618312.0
900,6820.003353835,6820.003344327,6618345.0
901,6820.036606869,6820.033660788,6618378.0
902,6820.069746932,6820.069033051,6618412.0
903,6820.10302114,6820.099747094,6618445.0
904,6820.136209376,6820.130950511,6618478.0
905,6820.169886669,6820.166498249,6618511.0
906,6820.204822667,6820.203030867,6618545.0
907,6820.235948043,6820.23348327,6618578.0
908,6820.269222216,6820.268871392,6618611.0
909,6820.310596181,6820.309318588,6618644.0
910,6820.338729231,6820.335208141,6618677.0
911,6820.368844416,6820.366665168,6618711.0
912,6820.403239755,6820.4015341,6618744.0
913,6820.436871925,6820.431912652,6618777.0
914,6820.468441804,6820.467327315,6618810.0
915,6820.501745303,6820.497824491,6618844.0
916,6820.534947608,6820.533309281,6618877.0
917,6820.568284041,6820.563533949,6618910.0
918,6820.601349054,6820.598985973,6618943.0
919,6820.63475535,6820.634299831,6618976.0
920,6820.667876472,6820.66531076,6619010.0
921,6820.700770425,6820.697453125,6619043.0
922,6820.735486072,6820.731714693,6619076.0
923,6820.76925777,6820.767635236,6619109.0
924,6820.801011776,6820.797848724,6619143.0
925,6820.834047769,6820.833271362,6619176.0
926,6820.86736123,6820.863585877,6619209.0
927,6820.901757403,6820.898947453,6619242.0
928,6820.933710256,6820.929224358,6619276.0
929,6820.966913453,6820.966107949,6619309.0
930,6821.000227993,6820.997573621,6619342.0
931,6821.033637237,6821.032237483,6619375.0
932,6821.06698197,6821.062928425,6619408.0
933,6821.101617716,6821.098625048,6619442.0
934,6821.134841269,6821.134036092,6619475.0
935,6821.167823224,6821.164336076,6619508.0
936,6821.199722575,6821.195535337,6619541.0
937,6821.232899972,6821.231436835,6619575.0
938,6821.266096423,6821.261621869,6619608.0
939,6821.299218306,6821.297456811,6619641.0
940,6821.332399066,6821.327776072,6619674.0
941,6821.365591687,6821.363316219,6619707.0
942,6821.399951127,6821.398676099,6619741.0
943,6821.432405246,6821.428977572,6619774.0
944,6821.467461683,6821.464359692,6619807.0
945,6821.50011553,6821.49542972,6619840.0
946,6821.531932728,6821.531488397,6619874.0
947,6821.564898573,6821.561814603,6619907.0
948,6821.59815556,6821.597928905,6619940.0
949,6821.631931572,6821.628284092,6619973.0
950,6821.665765427,6821.663595858,6620006.0
951,6821.698091017,6821.693947236,6620040.0
952,6821.732360913,6821.729299526,6620073.0
953,6821.766029053,6821.765306807,6620106.0
954,6821.797502802,6821.79680343,6620139.0
955,6821.830745718,6821.826747113,6620173.0
956,6821.863943289,6821.862211152,6620206.0
957,6821.897418826,6821.892539777,6620239.0
958,6821.930271748,6821.927818802,6620272.0
959,6821.963540392,6821.963326225,6620305.0
960,6821.996764209,6821.993664277,6620339.0
961,6822.03005495,6822.028996611,6620372.0
962,6822.063241741,6822.059325021,6620405.0
963,6822.096302284,6822.09589336,6620438.0
964,6822.129730076,6822.126185746,6620472.0
965,6822.163024389,6822.162560516,6620505.0
966,6822.196294024,6822.192911379,6620538.0
967,6822.22940853,6822.228387346,6620571.0
968,6822.263090714,6822.258656582,6620605.0
969,6822.295521345,6822.294156241,6620638.0
970,6822.329062556,6822.324581409,6620671.0
971,6822.362279935,6822.360678113,6620704.0
972,6822.395555979,6822.392012393,6620737.0
973,6822.429051056,6822.428079025,6620771.0
974,6822.461874834,6822.458690657,6620804.0
975,6822.495192973,6822.494286962,6620837.0
976,6822.52836779,6822.525152931,6620870.0
977,6822.561995576,6822.56100449,6620904.0
978,6822.595978979,6822.592704423,6620937.0
979,6822.628530125,6822.628066625,6620970.0
980,6822.662638633,6822.658692748,6621003.0
981,6822.696096936,6822.694114003,6621036.0
982,6822.727715855,6822.724399758,6621070.0
983,6822.760938955,6822.760672407,6621103.0
984,6822.794169615,6822.791590431,6621136.0
985,6822.827392718,6822.826899684,6621169.0
986,6822.860636286,6822.857473985,6621203.0
987,6822.893912423,6822.892892884,6621236.0
988,6822.927131315,6822.923200477,6621269.0
989,6822.960304044,6822.958517374,6621302.0
990,6822.993810983,6822.988869035,6621336.0
991,6823.026738632,6823.024258812,6621369.0
992,6823.05996131,6823.054872641,6621402.0
993,6823.093267561,6823.090874804,6621435.0
994,6823.12635681,6823.121404969,6621468.0
995,6823.159630863,6823.157760461,6621502.0
996,6823.192930362,6823.188154129,6621535.0
997,6823.226311015,6823.223479262,6621568.0
998,6823.259376469,6823.258894776,6621601.0
999,6823.29291443,6823.289274413,6621635.0
1000,6823.325893191,6823.325095056,6621668.0
1001,6823.35897784,6823.356703694,6621701.0
1002,6823.393642449,6823.392157824,6621734.0
1003,6823.427174673,6823.422484116,6621767.0
1004,6823.458997999,6823.457851657,6621801.0
1005,6823.491969928,6823.488463466,6621834.0
1006,6823.525211488,6823.523876344,6621867.0
1007,6823.558430291,6823.554003471,6621900.0
1008,6823.591632832,6823.589434354,6621934.0
1009,6823.624859673,6823.620606348,6621967.0
1010,6823.65811702,6823.656112136,6622000.0
1011,6823.691740284,6823.68781812,6622033.0
1012,6823.726890427,6823.722700631,6622067.0
1013,6823.757827644,6823.753063011,6622100.0
1014,6823.791084513,6823.788482616,6622133.0
1015,6823.824296137,6823.823870993,6622166.0
1016,6823.85754126,6823.854316192,6622199.0
1017,6823.890709977,6823.890387011,6622233.0
1018,6823.923954305,6823.921255611,6622266.0
1019,6823.95715388,6823.956446344,6622299.0
1020,6823.990475126,6823.987829527,6622332.0
1021,6824.023907574,6824.02315254,6622366.0
1022,6824.057050882,6824.053430653,6622399.0
1023,6824.090023199,6824.08880793,6622432.0
1024,6824.123244716,6824.119117945,6622465.0
1025,6824.156464516,6824.154929707,6622498.0
1026,6824.189680458,6824.186409228,6622532.0
1027,6824.222713001,6824.222048719,6622565.0
1028,6824.255859946,6824.252270711,6622598.0
1029,6824.289261194,6824.287719468,6622631.0
1030,6824.323013974,6824.318049905,6622665.0
1031,6824.356061898,6824.353452327,6622698.0
1032,6824.389273987,6824.388841593,6622731.0
1033,6824.422515667,6824.419085698,6622764.0
1034,6824.455749458,6824.450189542,6622798.0
1035,6824.488935354,6824.486520177,6622831.0
1036,6824.523479359,6824.521772665,6622864.0
1037,6824.557127736,6824.552401504,6622897.0
1038,6824.588634627,6824.58792457,6622930.0
1039,6824.621872707,6824.618371069,6622964.0
1040,6824.655084493,6824.653751187,6622997.0
1041,6824.688023498,6824.684124003,6623030.0
1042,6824.722814157,6824.719798929,6623063.0
1043,6824.756508005,6824.755593405,6623097.0
1044,6824.78800393,6824.786446775,6623130.0
1045,6824.830689503,6824.827144723,6623163.0
1046,6824.856933038,6824.852824819,6623196.0
1047,6824.889262381,6824.88828858,6623230.0
1048,6824.922143636,6824.918600336,6623263.0
1049,6824.954456409,6824.95404993,6623296.0
1050,6824.988980506,6824.984787493,6623329.0
1051,6825.021047278,6825.015444083,6623362.0
1052,6825.054118898,6825.051833622,6623396.0
1053,6825.087058906,6825.086964464,6623429.0
1054,6825.120175565,6825.117434623,6623462.0
1055,6825.153235796,6825.152812586,6623495.0
1056,6825.186356929,6825.183095973,6623529.0
1057,6825.219771,6825.218479025,6623562.0
1058,6825.252933157,6825.249129223,6623595.0
1059,6825.286947609,6825.285067128,6623628.0
1060,6825.321670826,6825.320964175,6623661.0
1061,6825.35275591,6825.352209272,6623695.0
1062,6825.385886417,6825.382329838,6623728.0
1063,6825.419083713,6825.417694518,6623761.0
1064,6825.452552635,6825.448036455,6623794.0
1065,6825.486882349,6825.483501944,6623828.0
1066,6825.519433213,6825.518812222,6623861.0
1067,6825.551755578,6825.549354767,6623894.0
1068,6825.58498688,6825.580450654,6623927.0
1069,6825.618152211,6825.61633235,6623961.0
1070,6825.651420882,6825.647699431,6623994.0
1071,6825.685233341,6825.683379211,6624027.0
1072,6825.719258759,6825.7186253,6624060.0
1073,6825.753160808,6825.748960375,6624093.0
1074,6825.784350776,6825.781952861,6624127.0
1075,6825.819151122,6825.815475777,6624160.0
1076,6825.852341493,6825.847327113,6624193.0
1077,6825.886234273,6825.882777897,6624226.0
1078,6825.919201774,6825.91827974,6624260.0
1079,6825.951240171,6825.948842113,6624293.0
1080,6825.985124018,6825.984452803,6624326.0
1081,6826.018933685,6826.015458471,6624359.0
1082,6826.050429868,6826.046202875,6624393.0
1083,6826.083775548,6826.081986682,6624426.0
1084,6826.116933979,6826.112924248,6624459.0
1085,6826.150162824,6826.148320974,6624492.0
1086,6826.183375113,6826.178697485,6624525.0
1087,6826.216606261,6826.214307957,6624559.0
1088,6826.249763659,6826.244882459,6624592.0
1089,6826.283008484,6826.280770183,6624625.0
1090,6826.316418044,6826.312628388,6624658.0
1091,6826.349429208,6826.347377856,6624692.0
1092,6826.382765741,6826.377876056,6624725.0
1093,6826.425317363,6826.423294441,6624758.0
1094,6826.449089113,6826.448584488,6624791.0
1095,6826.482385504,6826.478954645,6624825.0
1096,6826.51562308,6826.51440806,6624858.0
1097,6826.548787937,6826.545430386,6624891.0
1098,6826.582105413,6826.57747735,6624924.0
1099,6826.615273812,6826.612910896,6624957.0
1100,6826.649911163,6826.648461912,6624991.0
1101,6826.683440291,6826.678748275,6625024.0
1102,6826.715390303,6826.71445415,6625057.0
1103,6826.748577194,6826.745343429,6625090.0
1104,6826.782722597,6826.781399227,6625124.0
1105,6826.816309765,6826.811821982,6625157.0
1106,6826.847845206,6826.84720037,6625190.0
1107,6826.88156143,6826.877557623,6625223.0
1108,6826.916487508,6826.912914965,6625256.0
1109,6826.947571684,6826.943329209,6625290.0
1110,6826.980853688,6826.978718353,6625323.0
1111,6827.014058606,6827.009090634,6625356.0
1112,6827.047332704,6827.045286124,6625389.0
1113,6827.080593289,6827.076530862,6625423.0
1114,6827.113711948,6827.11208167,6625456.0
1115,6827.146866955,6827.142457465,6625489.0
1116,6827.180284626,6827.178134576,6625522.0
1117,6827.214746506,6827.213753848,6625556.0
1118,6827.246516829,6827.244806322,6625589.0
1119,6827.279798741,6827.275291752,6625622.0
1120,6827.313697366,6827.311410922,6625655.0
1121,6827.346161422,6827.342010893,6625688.0
1122,6827.379136602,6827.377612781,6625722.0
1123,6827.412647223,6827.40802008,6625755.0
1124,6827.445860087,6827.443383528,6625788.0
1125,6827.479174274,6827.47877972,6625821.0
1126,6827.512324521,6827.509091193,6625855.0
1127,6827.545522326,6827.544976488,6625888.0
1128,6827.578872662,6827.57701919,6625921.0
1129,6827.612036116,6827.607578563,6625954.0
1130,6827.645225344,6827.642980585,6625987.0
1131,6827.678603561,6827.678348033,6626021.0
1132,6827.711715132,6827.708628836,6626054.0
1133,6827.744890886,6827.744035666,6626087.0
1134,6827.778221966,6827.774706102,6626120.0
1135,6827.811548444,6827.811114335,6626154.0
1136,6827.844843907,6827.842235168,6626187.0
1137,6827.877788445,6827.877586265,6626220.0
1138,6827.912261773,6827.907906248,6626253.0
1139,6827.946046359,6827.943314277,6626286.0
1140,6827.978819833,6827.978704753,6626320.0
1141,6828.011205191,6828.008997365,6626353.0
1142,6828.046261021,6828.044664615,6626386.0
1143,6828.077301542,6828.075731363,6626419.0
1144,6828.110525241,6828.10673736,6626453.0
1145,6828.144234003,6828.142492709,6626486.0
1146,6828.176827797,6828.172820087,6626519.0
1147,6828.210425713,6828.208504788,6626552.0
1148,6828.243291094,6828.238845014,6626586.0
1149,6828.276488007,6828.274554647,6626619.0
1150,6828.309722436,6828.30535969,6626652.0
1151,6828.342980372,6828.342358905,6626685.0
1152,6828.376158185,6828.372646055,6626718.0
1153,6828.4095176,6828.408301741,6626752.0
1154,6828.442678479,6828.438843707,6626785.0
1155,6828.475548151,6828.474665846,6626818.0
1156,6828.509122927,6828.505949956,6626851.0
1157,6828.54270359,6828.541274088,6626885.0
1158,6828.577654612,6828.576832498,6626918.0
1159,6828.608756173,6828.607678845,6626951.0
1160,6828.642010147,6828.638236054,6626984.0
1161,6828.675123809,6828.673817442,6627017.0
1162,6828.70837076,6828.70438492,6627051.0
1163,6828.742299131,6828.740476972,6627084.0
1164,6828.776021744,6828.7711945,6627117.0
1165,6828.808444857,6828.806433126,6627150.0
1166,6828.842864601,6828.842470804,6627184.0
1167,6828.876127928,6828.872790073,6627217.0
1168,6828.907808052,6828.903160205,6627250.0
1169,6828.94221835,6828.938697161,6627283.0
1170,6828.978346811,6828.974158448,6627316.0
1171,6829.008965644,6829.005286827,6627350.0
1172,6829.040987152,6829.035754952,6627383.0
1173,6829.074617871,6829.071672561,6627416.0
1174,6829.108371427,6829.107399611,6627449.0
1175,6829.142711724,6829.137787364,6627483.0
1176,6829.173745099,6829.173544492,6627516.0
1177,6829.207047456,6829.204108075,6627549.0
1178,6829.240109609,6829.239449253,6627582.0
1179,6829.273229123,6829.27086079,6627616.0
1180,6829.30645898,6829.302336454,6627649.0
1181,6829.339732681,6829.337943247,6627682.0
1182,6829.372924252,6829.368508605,6627715.0
1183,6829.406108547,6829.403854205,6627748.0
1184,6829.439416708,6829.439201009,6627782.0
1185,6829.472614962,6829.470225673,6627815.0
1186,6829.505784264,6829.501258141,6627848.0
1187,6829.539025765,6829.536632598,6627881.0
1188,6829.572329014,6829.572090276,6627915.0
1189,6829.605518009,6829.602343607,6627948.0
1190,6829.638739504,6829.637728028,6627981.0
1191,6829.672017499,6829.668071125,6628014.0
1192,6829.705167321,6829.703425,6628048.0
1193,6829.73841522,6829.733715655,6628081.0
1194,6829.772865153,6829.769388207,6628114.0
1195,6829.805304365,6829.801417941,6628147.0
1196,6829.840454191,6829.836350404,6628180.0
1197,6829.871435463,6829.866582359,6628214.0
1198,6829.904655077,6829.901959999,6628247.0
1199,6829.938118332,6829.937292047,6628280.0
1200,6829.972156366,6829.967628654,6628313.0
1201,6830.004639821,6830.003606546,6628347.0
1202,6830.03879438,6830.034291464,6628380.0
1203,6830.072321855,6830.069892219,6628413.0
1204,6830.103894624,6830.100645529,6628446.0
1205,6830.137126506,6830.132449314,6628479.0
1206,6830.170349213,6830.167970544,6628513.0
1207,6830.203648779,6830.203565557,6628546.0
1208,6830.236785,6830.234066512,6628579.0
1209,6830.270126776,6830.269890461,6628612.0
1210,6830.303230093,6830.301222462,6628646.0
1211,6830.336409075,6830.336330255,6628679.0
1212,6830.369679773,6830.366639081,6628712.0
1213,6830.402970066,6830.402575435,6628745.0
1214,6830.436223808,6830.432899685,6628778.0
1215,6830.469406631,6830.468403541,6628812.0
1216,6830.503750765,6830.503719269,6628845.0
1217,6830.537586485,6830.534199765,6628878.0
1218,6830.569097073,6830.56632984,6628911.0
1219,6830.602302851,6830.60189083,6628945.0
1220,6830.635533612,6830.632188953,6628978.0
1221,6830.668729722,6830.668016142,6629011.0
1222,6830.701950211,6830.698630166,6629044.0
1223,6830.735111682,6830.734629459,6629077.0
1224,6830.768085735,6830.765332028,6629111.0
1225,6830.801547818,6830.801254393,6629144.0
1226,6830.834788107,6830.831741654,6629177.0
1227,6830.867750757,6830.86719183,6629210.0
1228,6830.902439375,6830.897469227,6629244.0
1229,6830.936191005,6830.932843589,6629277.0
1230,6830.968132596,6830.963374733,6629310.0
1231,6831.0106149,6831.004916652,6629343.0
1232,6831.038364201,6831.035408796,6629377.0
1233,6831.06815389,6831.066038087,6629410.0
1234,6831.100698406,6831.096189925,6629443.0
1235,6831.135642239,6831.131660917,6629476.0
1236,6831.166701392,6831.162400298,6629509.0
1237,6831.200283755,6831.198118615,6629543.0
1238,6831.235912684,6831.23378837,6629576.0
1239,6831.266704686,6831.264855658,6629609.0
1240,6831.300095265,6831.296937774,6629642.0
1241,6831.333148885,6831.33180725,6629676.0
1242,6831.3663407,6831.362265342,6629709.0
1243,6831.399602027,6831.3977705,6629742.0
1244,6831.433442644,6831.428383997,6629775.0
1245,6831.466061793,6831.463900316,6629808.0
1246,6831.499397122,6831.494972197,6629842.0
1247,6831.532529104,6831.530835831,6629875.0
1248,6831.566821779,6831.561287316,6629908.0
1249,6831.598953528,6831.597752929,6629941.0
1250,6831.633383773,6831.633287006,6629975.0
1251,6831.666460006,6831.663618724,6630008.0
1252,6831.698721053,6831.693901428,6630041.0
1253,6831.73182565,6831.724941398,6630074.0
1254,6831.766314004,6831.7656806,6630108.0
1255,6831.800386216,6831.796473438,6630141.0
1256,6831.832905431,6831.832067894,6630174.0
1257,6831.865280798,6831.862532033,6630207.0
1258,6831.899190919,6831.89815235,6630240.0
1259,6831.933045669,6831.928456309,6630274.0
1260,6831.964656987,6831.963910415,6630307.0
1261,6831.997725832,6831.994727079,6630340.0
1262,6832.032313749,6832.031268873,6630373.0
1263,6832.065922879,6832.061388577,6630407.0
1264,6832.097464697,6832.092455394,6630440.0
1265,6832.131026777,6832.127828377,6630473.0
1266,6832.164921575,6832.163234605,6630506.0
1267,6832.198799195,6832.198663314,6630539.0
1268,6832.230859323,6832.228941235,6630573.0
1269,6832.26374853,6832.259759542,6630606.0
1270,6832.296733982,6832.291031864,6630639.0
1271,6832.330069643,6832.327193041,6630672.0
1272,6832.363111311,6832.362528647,6630706.0
1273,6832.397624052,6832.393042812,6630739.0
1274,6832.430151538,6832.428325288,6630772.0
1275,6832.463192758,6832.45866791,6630805.0
1276,6832.500402263,6832.499086386,6630839.0
1277,6832.530003891,6832.529891711,6630872.0
1278,6832.563761046,6832.560961229,6630905.0
1279,6832.597464437,6832.597409978,6630938.0
1280,6832.62905969,6832.627708387,6630971.0
1281,6832.663280515,6832.663106446,6631005.0
1282,6832.695655138,6832.693387761,6631038.0
1283,6832.728707618,6832.723706928,6631071.0
1284,6832.761937402,6832.759086785,6631104.0
1285,6832.79512666,6832.795083627,6631138.0
1286,6832.828390413,6832.827231825,6631171.0
1287,6832.861566201,6832.85753818,6631204.0
1288,6832.894837803,6832.892998404,6631237.0
1289,6832.928055355,6832.923274109,6631271.0
1290,6832.962371135,6832.958645735,6631304.0
1291,6832.996333051,6832.994060074,6631337.0
1292,6833.027673365,6833.027062208,6631370.0
1293,6833.060901512,6833.057376013,6631403.0
1294,6833.094121899,6833.092716465,6631437.0
1295,6833.129535377,6833.12810463,6631470.0
1296,6833.163468986,6833.158449256,6631503.0
1297,6833.194156397,6833.193947646,6631536.0
1298,6833.229259998,6833.224944313,6631570.0
1299,6833.260005583,6833.255522962,6631603.0
1300,6833.293458894,6833.291146189,6631636.0
1301,6833.326673622,6833.321707283,6631669.0
1302,6833.359975824,6833.357110447,6631702.0
1303,6833.393276275,6833.392726511,6631736.0
1304,6833.426363841,6833.423015085,6631769.0
1305,6833.459692389,6833.45847697,6631802.0
1306,6833.492849386,6833.488833747,6631835.0
1307,6833.526218592,6833.524545161,6631869.0
1308,6833.559334137,6833.555628209,6631902.0
1309,6833.592568923,6833.591214403,6631935.0
1310,6833.628040263,6833.6272117,6631968.0
1311,6833.65965641,6833.657606682,6632002.0
1312,6833.693433658,6833.692941386,6632035.0
1313,6833.725839599,6833.723373585,6632068.0
1314,6833.760957492,6833.758712515,6632101.0
1315,6833.79192727,6833.789113187,6632134.0
1316,6833.825183705,6833.820202336,6632168.0
1317,6833.858442661,6833.856542837,6632201.0
1318,6833.891650582,6833.886895749,6632234.0
1319,6833.925224615,6833.922239606,6632267.0
1320,6833.960163552,6833.957593761,6632301.0
1321,6833.991318546,6833.98793885,6632334.0
1322,6834.024525402,6834.023281506,6632367.0
1323,6834.057808675,6834.053721197,6632400.0
1324,6834.09101774,6834.089532594,6632433.0
1325,6834.124254527,6834.120194167,6632467.0
1326,6834.157440656,6834.156061946,6632500.0
1327,6834.191086909,6834.187021787,6632533.0
1328,6834.225237757,6834.222433143,6632566.0
1329,6834.258650793,6834.258195093,6632600.0
1330,6834.290279956,6834.288844485,6632633.0
1331,6834.323565713,6834.320177822,6632666.0
1332,6834.356673472,6834.355561287,6632699.0
1333,6834.389981161,6834.386382387,6632733.0
1334,6834.423325356,6834.422396382,6632766.0
1335,6834.456421451,6834.452777034,6632799.0
1336,6834.489694591,6834.488234392,6632832.0
1337,6834.523117208,6834.518496178,6632865.0
1338,6834.556086529,6834.553955415,6632899.0
1339,6834.589292697,6834.585094022,6632932.0
1340,6834.622493388,6834.620948377,6632965.0
1341,6834.655393857,6834.651272314,6632998.0
1342,6834.688935509,6834.686722984,6633032.0
1343,6834.722192124,6834.722061105,6633065.0
1344,6834.755547091,6834.752414673,6633098.0
1345,6834.788806266,6834.787787501,6633131.0
1346,6834.821881637,6834.818174262,6633164.0
1347,6834.855080798,6834.853564701,6633198.0
1348,6834.888396992,6834.884468734,6633231.0
1349,6834.923398555,6834.920299501,6633264.0
1350,6834.954833621,6834.950877259,6633297.0
1351,6834.98802535,6834.986197102,6633331.0
1352,6835.021235426,6835.016398149,6633364.0
1353,6835.054565437,6835.051820019,6633397.0
1354,6835.089428583,6835.087760025,6633430.0
1355,6835.122614179,6835.118218854,6633464.0
1356,6835.155828508,6835.153892139,6633497.0
1357,6835.187661895,6835.18481172,6633530.0
1358,6835.221958741,6835.221111096,6633563.0
1359,6835.254215762,6835.251408399,6633596.0
1360,6835.289308326,6835.287826952,6633630.0
1361,6835.320318315,6835.318166086,6633663.0
1362,6835.353472159,6835.34845998,6633696.0
1363,6835.386768188,6835.383916857,6633729.0
1364,6835.419995234,6835.419708002,6633763.0
1365,6835.45350834,6835.450513854,6633796.0
1366,6835.488666653,6835.487065659,6633829.0
1367,6835.519764867,6835.517072353,6633862.0
1368,6835.555082695,6835.552538001,6633895.0
1369,6835.587815342,6835.582824684,6633929.0
1370,6835.621280033,6835.61835978,6633962.0
1371,6835.660268452,6835.659649362,6633995.0
1372,6835.688750142,6835.684958722,6634028.0
1373,6835.720772677,6835.715783923,6634062.0
1374,6835.753470926,6835.751110815,6634095.0
1375,6835.784846475,6835.781381293,6634128.0
1376,6835.818052577,6835.817030895,6634161.0
1377,6835.85267005,6835.85259675,6634195.0
1378,6835.884678124,6835.882985016,6634228.0
1379,6835.917740735,6835.913374025,6634261.0
1380,6835.952811252,6835.948724901,6634294.0
1381,6835.984219641,6835.979292026,6634327.0
1382,6836.01736581,6836.015786128,6634361.0
1383,6836.050716142,6836.046079307,6634394.0
1384,6836.083898477,6836.082302096,6634427.0
1385,6836.117129001,6836.112789906,6634460.0
1386,6836.150288617,6836.148377543,6634494.0
1387,6836.183566283,6836.183540675,6634527.0
1388,6836.218567666,6836.214441377,6634560.0
1389,6836.256746661,6836.255495131,6634593.0
1390,6836.283236295,6836.281002913,6634627.0
1391,6836.316447788,6836.316200534,6634660.0
1392,6836.349906739,6836.347137023,6634693.0
1393,6836.382990686,6836.382714265,6634726.0
1394,6836.416268279,6836.4130317,6634759.0
1395,6836.449525918,6836.448441308,6634793.0
1396,6836.482795418,6836.478780008,6634826.0
1397,6836.515924849,6836.514745621,6634859.0
1398,6836.54920831,6836.545467928,6634892.0
1399,6836.584061982,6836.581010874,6634925.0
1400,6836.61618138,6836.612067591,6634959.0
1401,6836.648780083,6836.647719722,6634992.0
1402,6836.689673959,6836.688261217,6635025.0
1403,6836.715301619,6836.713528656,6635058.0
1404,6836.748347326,6836.743811269,6635092.0
1405,6836.781620329,6836.78004058,6635125.0
1406,6836.814763199,6836.81157435,6635158.0
1407,6836.848049371,6836.84698472,6635191.0
1408,6836.889647635,6836.887528974,6635225.0
1409,6836.914410693,6836.912751407,6635258.0
1410,6836.957868817,6836.953523649,6635291.0
1411,6836.989782235,6836.989183755,6635324.0
1412,6837.01415524,6837.009912719,6635357.0
1413,6837.04971243,6837.04578075,6635391.0
1414,6837.080830203,6837.076158363,6635424.0
1415,6837.113726825,6837.111571849,6635457.0
1416,6837.147004772,6837.146984091,6635490.0
1417,6837.180308386,6837.177250611,6635524.0
1418,6837.219498395,6837.217691914,6635557.0
1419,6837.246687533,6837.242983332,6635590.0
1420,6837.280204969,6837.278372407,6635623.0
1421,6837.313126698,6837.308711415,6635656.0
1422,6837.346340395,6837.345648124,6635690.0
1423,6837.379698786,6837.375311664,6635723.0
1424,6837.445938431,6837.442035234,6635789.0
1425,6837.489668318,6837.487617362,6635823.0
1426,6837.519505313,6837.517929217,6635856.0
1427,6837.545715075,6837.543221352,6635889.0
1428,6837.578992468,6837.578536594,6635922.0
1429,6837.61218336,6837.608877279,6635956.0
1430,6837.645386413,6837.644871704,6635989.0
1431,6837.678641334,6837.675819525,6636022.0
1432,6837.711860002,6837.706947269,6636055.0
1433,6837.752061038,6837.747396729,6636088.0
1434,6837.778336435,6837.777727926,6636122.0
1435,6837.811470316,6837.80806394,6636155.0
1436,6837.844709093,6837.843470679,6636188.0
1437,6837.877967052,6837.873778367,6636221.0
1438,6837.919529388,6837.914882661,6636255.0
1439,6837.954732056,6837.951049622,6636288.0
1440,6837.987280505,6837.986122635,6636321.0
1441,6838.019728231,6838.01658624,6636354.0
1442,6838.054278984,6838.052326029,6636388.0
1443,6838.087630143,6838.082885821,6636421.0
1444,6838.120224639,6838.118565564,6636454.0
1445,6838.154255006,6838.1488437,6636487.0
1446,6838.188063116,6838.185219538,6636520.0
1447,6838.219649339,6838.21577941,6636554.0
1448,6838.244353707,6838.240966063,6636587.0
1449,6838.276589498,6838.271758553,6636620.0
1450,6838.309857595,6838.307510795,6636653.0
1451,6838.34297474,6838.337976038,6636686.0
1452,6838.376344503,6838.373273693,6636720.0
1453,6838.419492387,6838.419415282,6636753.0
1454,6838.446612946,6838.444972638,6636786.0
1455,6838.477856288,6838.475828421,6636819.0
1456,6838.509225397,6838.505977468,6636853.0
1457,6838.542355936,6838.5372666,6636886.0
1458,6838.576131072,6838.572800163,6636919.0
1459,6838.608798407,6838.608134418,6636952.0
1460,6838.649427454,6838.64873555,6636985.0
1461,6838.675462522,6838.674384512,6637019.0
1462,6838.708771035,6838.706186571,6637052.0
1463,6838.749560284,6838.746904111,6637085.0
1464,6838.776098456,6838.772302092,6637118.0
1465,6838.809822005,6838.807818625,6637152.0
1466,6838.850367501,6838.848172574,6637185.0
1467,6838.874699622,6838.873487181,6637218.0
1468,6838.907770176,6838.90404127,6637251.0
1469,6838.949426107,6838.945047987,6637285.0
1470,6838.97609384,6838.975956003,6637318.0
1471,6839.008254719,6839.006486207,6637351.0
1472,6839.041981571,6839.04187857,6637384.0
1473,6839.074246526,6839.072195708,6637417.0
1474,6839.10740988,6839.102521416,6637451.0
1475,6839.141045151,6839.137876218,6637484.0
1476,6839.173824587,6839.173316595,6637517.0
1477,6839.208724512,6839.203811779,6637550.0
1478,6839.241997811,6839.239863493,6637584.0
1479,6839.285491817,6839.280836877,6637617.0
1480,6839.319070529,6839.316498731,6637650.0
1481,6839.3410759,6839.337262212,6637683.0
1482,6839.374153795,6839.372132405,6637716.0
1483,6839.406209816,6839.402437445,6637750.0
1484,6839.439793936,6839.437812138,6637783.0
1485,6839.472680205,6839.468135201,6637816.0
1486,6839.507546105,6839.503510911,6637849.0
1487,6839.540248628,6839.539112438,6637883.0
1488,6839.572440487,6839.569948975,6637916.0
1489,6839.605585286,6839.600844841,6637949.0
1490,6839.638880485,6839.636063076,6637982.0
1491,6839.672129187,6839.667200278,6638016.0
1492,6839.705287624,6839.702582275,6638049.0
1493,6839.738475829,6839.737937471,6638082.0
1494,6839.77178243,6839.768462274,6638115.0
1495,6839.806551283,6839.803815098,6638148.0
1496,6839.838968263,6839.835015384,6638182.0
1497,6839.871411446,6839.871017766,6638215.0
1498,6839.904611497,6839.90205396,6638248.0
1499,6839.938292082,6839.937854109,6638281.0
1500,6839.98066263,6839.978162457,6638315.0
1501,6840.004533534,6840.003546313,6638348.0
1502,6840.037569966,6840.033812664,6638381.0
1503,6840.071012755,6840.070990975,6638414.0
1504,6840.103922574,6840.101459221,6638447.0
1505,6840.137242429,6840.136976889,6638481.0
1506,6840.170613878,6840.167486866,6638514.0
1507,6840.203717814,6840.202861894,6638547.0
1508,6840.236832404,6840.233364338,6638580.0
1509,6840.270221085,6840.268715243,6638614.0
1510,6840.303374249,6840.299398762,6638647.0
1511,6840.336499181,6840.335981857,6638680.0
1512,6840.369840136,6840.366170585,6638713.0
1513,6840.403022159,6840.39801076,6638747.0
1514,6840.436255329,6840.43330093,6638780.0
1515,6840.469556055,6840.469340436,6638813.0
1516,6840.503114456,6840.500287289,6638846.0
1517,6840.535872958,6840.530836856,6638879.0
1518,6840.569172619,6840.565957657,6638913.0
1519,6840.602445515,6840.60148096,6638946.0
1520,6840.635599552,6840.631950694,6638979.0
1521,6840.679065054,6840.677484877,6639012.0
1522,6840.714851784,6840.712874941,6639046.0
1523,6840.74562525,6840.743260203,6639079.0
1524,6840.778047791,6840.773538752,6639112.0
1525,6840.809284611,6840.804020955,6639145.0
1526,6840.844565199,6840.84004899,6639178.0
1527,6840.871245849,6840.866072126,6639212.0
1528,6840.903780038,6840.901893763,6639245.0
1529,6840.93453023,6840.932288066,6639278.0
1530,6840.967683961,6840.962780124,6639311.0
1531,6841.009219479,6841.008452714,6639345.0
1532,6841.0440459,6841.038771999,6639378.0
1533,6841.077658198,6841.075085722,6639411.0
1534,6841.109637447,6841.105727285,6639444.0
1535,6841.144253397,6841.14203578,6639477.0
1536,6841.177073665,6841.172593347,6639511.0
1537,6841.209620243,6841.208133725,6639544.0
1538,6841.240328326,6841.23876461,6639577.0
1539,6841.266845421,6841.264449422,6639610.0
1540,6841.300165653,6841.295392122,6639644.0
1541,6841.335025935,6841.330883807,6639677.0
1542,6841.366478368,6841.361963036,6639710.0
1543,6841.39975413,6841.397460115,6639743.0
1544,6841.442623979,6841.438345825,6639777.0
1545,6841.474908723,6841.47415709,6639810.0
1546,6841.499763563,6841.495738549,6639843.0
1547,6841.543755492,6841.541766862,6639876.0
1548,6841.574370583,6841.572116669,6639909.0
1549,6841.599050841,6841.597449398,6639943.0
1550,6841.642017405,6841.637898984,6639976.0
1551,6841.674802133,6841.673244967,6640009.0
1552,6841.698761229,6841.698534732,6640042.0
1553,6841.731906717,6841.729478175,6640076.0
1554,6841.774886397,6841.770192381,6640109.0
1555,6841.809291603,6841.805815861,6640142.0
1556,6841.834378378,6841.831045526,6640175.0
1557,6841.865594123,6841.861357489,6640208.0
1558,6841.900384939,6841.896721511,6640242.0
1559,6841.934129973,6841.932107794,6640275.0
1560,6841.965508477,6841.962652389,6640308.0
1561,6841.997767657,6841.992882272,6640341.0
1562,6842.032566581,6842.028252885,6640375.0
1563,6842.065751925,6842.063978127,6640408.0
1564,6842.097969027,6842.095346099,6640441.0
1565,6842.138446978,6842.136033279,6640474.0
1566,6842.164978546,6842.161128018,6640508.0
1567,6842.197128513,6842.196475348,6640541.0
1568,6842.230475914,6842.226874749,6640574.0
1569,6842.263547976,6842.262195102,6640607.0
1570,6842.296698086,6842.29279977,6640640.0
1571,6842.339501117,6842.338503415,6640674.0
1572,6842.363175085,6842.358829577,6640707.0
1573,6842.396479951,6842.395198151,6640740.0
1574,6842.429737863,6842.425658241,6640773.0
1575,6842.462956026,6842.461076408,6640807.0
1576,6842.496267856,6842.49154932,6640840.0
1577,6842.529403978,6842.527265369,6640873.0
1578,6842.569465282,6842.567629087,6640906.0
1579,6842.597449277,6842.593024075,6640940.0
1580,6842.630667146,6842.628534957,6640973.0
1581,6842.664080615,6842.65926346,6641006.0
1582,6842.697224596,6842.696068734,6641039.0
1583,6842.730486192,6842.726271614,6641072.0
1584,6842.769434745,6842.767041599,6641106.0
1585,6842.795409707,6842.7923108,6641139.0
1586,6842.828606677,6842.827698849,6641172.0
1587,6842.861795923,6842.858232,6641205.0
1588,6842.895120523,6842.893626837,6641239.0
1589,6842.928087382,6842.924378393,6641272.0
1590,6842.961270297,6842.960177431,6641305.0
1591,6842.994706007,6842.990881476,6641338.0
1592,6843.027720781,6843.026165296,6641371.0
1593,6843.069197256,6843.066598548,6641405.0
1594,6843.094155312,6843.091905414,6641438.0
1595,6843.12901364,6843.12730869,6641471.0
1596,6843.161620356,6843.157729168,6641504.0
1597,6843.193753691,6843.19331987,6641538.0
1598,6843.236695328,6843.234293838,6641571.0
1599,6843.269455863,6843.265422347,6641604.0
1600,6843.293529116,6843.291034344,6641637.0
1601,6843.326714667,6843.326528341,6641670.0
1602,6843.360159863,6843.356842036,6641704.0
1603,6843.393119518,6843.392597626,6641737.0
1604,6843.426405937,6843.422965335,6641770.0
1605,6843.469085563,6843.463952793,6641803.0
1606,6843.492833569,6843.491046815,6641837.0
1607,6843.526039183,6843.521377942,6641870.0
1608,6843.56902317,6843.56696868,6641903.0
1609,6843.605491026,6843.60234954,6641936.0
1610,6843.626703125,6843.62259434,6641969.0
1611,6843.659021767,6843.658062621,6642003.0
1612,6843.699105422,6843.698499574,6642036.0
1613,6843.735888884,6843.734302517,6642069.0
1614,6843.768246661,6843.76489755,6642102.0
1615,6843.805261565,6843.800772165,6642136.0
1616,6843.834736203,6843.831022383,6642169.0
1617,6843.859640096,6843.856287812,6642202.0
1618,6843.89157987,6843.886961709,6642235.0
1619,6843.924741552,6843.922654589,6642269.0
1620,6843.968093645,6843.963259504,6642302.0
1621,6843.999149309,6843.993761707,6642335.0
1622,6844.034276651,6844.030863433,6642368.0
1623,6844.067841469,6844.065813022,6642401.0
1624,6844.099129611,6844.096412004,6642435.0
1625,6844.13445443,6844.131869546,6642468.0
1626,6844.166978894,6844.162340231,6642501.0
1627,6844.199423359,6844.197600692,6642534.0
1628,6844.233435756,6844.233170603,6642568.0
1629,6844.267570923,6844.263704106,6642601.0
1630,6844.299465269,6844.294671985,6642634.0
1631,6844.333623359,6844.330713525,6642667.0
1632,6844.36640993,6844.362028501,6642700.0
1633,6844.399347478,6844.397402698,6642734.0
1634,6844.424093509,6844.42273831,6642767.0
1635,6844.456442383,6844.453075749,6642800.0
